country,iso3,year,g_whoregion,contact_screening_rate,tpt_start_rate,tpt_completion_rate,contact_screening_rate_edge_flag,tpt_start_rate_edge_flag,tpt_completion_rate_edge_flag,c_newinc,c_newinc_next_year,c_newinc_percent_change_next_year,case_change_direction,low_c_newinc_flag,temporal_analysis_cohort_flag
Afghanistan,AFG,2019,EMR,0.9001741149158444,0.7545285151357791,0.8706125258086718,False,False,False,52438.0,45818.0,-12.62443266333575,Rückgang,False,True
Afghanistan,AFG,2020,EMR,0.09380356530682207,1.0,0.8720431950634213,False,True,False,45818.0,50324.0,9.834562835566809,Anstieg,False,True
Afghanistan,AFG,2021,EMR,0.8684330484330485,0.7225071225071225,0.95,False,False,False,50324.0,51749.0,2.831650902154042,Anstieg,False,True
Afghanistan,AFG,2022,EMR,0.11381794689368105,0.08791082979645576,0.92,False,False,False,51749.0,49533.0,-4.282208351852209,Rückgang,False,True
Afghanistan,AFG,2023,EMR,0.21764990050214286,0.13926597616483405,0.8949177354167329,False,False,False,49533.0,51319.0,3.6056770233985422,Anstieg,False,True
Albania,ALB,2019,EUR,0.4426229508196721,0.8852459016393442,0.42592592592592593,False,False,False,412.0,240.0,-41.74757281553398,Rückgang,False,True
Albania,ALB,2020,EUR,0.5714285714285714,0.8095238095238095,0.6470588235294118,False,False,False,240.0,269.0,12.083333333333334,Anstieg,False,True
Albania,ALB,2021,EUR,0.43243243243243246,0.3783783783783784,0.8571428571428571,False,False,False,269.0,292.0,8.550185873605948,Anstieg,False,True
Albania,ALB,2022,EUR,0.5666666666666667,0.7,0.9047619047619048,False,False,False,292.0,302.0,3.4246575342465753,Anstieg,False,True
Albania,ALB,2023,EUR,0.3111111111111111,0.7333333333333333,0.5757575757575758,False,False,False,302.0,232.0,-23.178807947019866,Rückgang,False,True
Andorra,AND,2019,EUR,1.0,0.0,,True,True,False,5.0,2.0,-60.0,Rückgang,True,False
Andorra,AND,2020,EUR,1.0,0.0,,True,True,False,2.0,2.0,0.0,Unverändert,True,False
Andorra,AND,2021,EUR,1.0,0.3333333333333333,,True,False,False,2.0,4.0,100.0,Anstieg,True,False
Andorra,AND,2022,EUR,1.0,0.0,,True,True,False,4.0,4.0,0.0,Unverändert,True,False
United Arab Emirates,ARE,2019,EMR,0.99644128113879,0.042704626334519574,0.8333333333333334,False,False,False,80.0,62.0,-22.5,Rückgang,False,True
United Arab Emirates,ARE,2020,EMR,0.9128205128205128,0.07179487179487179,0.8571428571428571,False,False,False,62.0,66.0,6.451612903225806,Anstieg,False,True
United Arab Emirates,ARE,2021,EMR,0.9792284866468842,0.0712166172106825,0.9166666666666666,False,False,False,66.0,65.0,-1.5151515151515151,Rückgang,False,True
United Arab Emirates,ARE,2022,EMR,0.965625,0.078125,0.64,False,False,False,65.0,66.0,1.5384615384615385,Anstieg,False,True
United Arab Emirates,ARE,2023,EMR,0.7417840375586855,0.046948356807511735,1.0,False,False,True,66.0,57.0,-13.636363636363635,Rückgang,False,True
Armenia,ARM,2019,EUR,0.9430011632415665,0.017836370686312525,,False,False,False,621.0,394.0,-36.553945249597426,Rückgang,False,True
Armenia,ARM,2020,EUR,0.8913250714966635,0.0219256434699714,,False,False,False,394.0,398.0,1.015228426395939,Anstieg,False,True
Armenia,ARM,2021,EUR,0.9189453125,0.0166015625,,False,False,False,398.0,440.0,10.552763819095476,Anstieg,False,True
Armenia,ARM,2022,EUR,0.9133425034387895,0.027510316368638238,,False,False,False,440.0,404.0,-8.181818181818182,Rückgang,False,True
Armenia,ARM,2023,EUR,0.9399293286219081,0.0353356890459364,,False,False,False,404.0,383.0,-5.198019801980198,Rückgang,False,True
American Samoa,ASM,2019,WPR,0.0,0.0,,True,True,False,1.0,3.0,200.0,Anstieg,True,False
Antigua and Barbuda,ATG,2020,AMR,1.0,0.0,,True,True,False,2.0,4.0,100.0,Anstieg,True,False
Antigua and Barbuda,ATG,2021,AMR,0.8333333333333334,0.0,,False,True,False,4.0,1.0,-75.0,Rückgang,True,False
Antigua and Barbuda,ATG,2022,AMR,0.75,,,False,False,False,1.0,1.0,0.0,Unverändert,True,False
Australia,AUS,2019,WPR,0.8576576576576577,0.12612612612612611,,False,False,False,1502.0,1611.0,7.256990679094541,Anstieg,False,True
Australia,AUS,2020,WPR,0.9172461752433936,0.14186369958275383,,False,False,False,1611.0,1468.0,-8.876474239602732,Rückgang,False,True
Australia,AUS,2021,WPR,0.46889400921658986,0.08928571428571429,,False,False,False,1468.0,1272.0,-13.35149863760218,Rückgang,False,True
Australia,AUS,2022,WPR,0.6442105263157895,0.08947368421052632,,False,False,False,1272.0,1434.0,12.735849056603774,Anstieg,False,True
Australia,AUS,2023,WPR,0.6298507462686567,0.04776119402985075,0.4375,False,False,False,1434.0,1613.0,12.482566248256626,Anstieg,False,True
Azerbaijan,AZE,2019,EUR,1.0,0.9185363650052702,,True,False,False,4823.0,3683.0,-23.636740617872693,Rückgang,False,True
Azerbaijan,AZE,2020,EUR,1.0,0.90008173273396,,True,False,False,3683.0,3663.0,-0.5430355688297583,Rückgang,False,True
Azerbaijan,AZE,2021,EUR,1.0,0.8862979777135782,,True,False,False,3663.0,3989.0,8.8998088998089,Anstieg,False,True
Azerbaijan,AZE,2022,EUR,0.9199848312476299,0.9199848312476299,0.9499175597691674,False,False,False,3989.0,3965.0,-0.6016545500125344,Rückgang,False,True
Azerbaijan,AZE,2023,EUR,0.9799668416689693,0.9271898314451505,0.4380867232901207,False,False,False,3965.0,3741.0,-5.649432534678437,Rückgang,False,True
Burundi,BDI,2023,AFR,0.6634382566585957,0.5375302663438256,,False,False,False,7948.0,8085.0,1.723704076497232,Anstieg,False,False
Benin,BEN,2019,AFR,1.0,0.9261965655827549,0.8587771203155818,True,False,False,4266.0,3908.0,-8.391936240037506,Rückgang,False,True
Benin,BEN,2020,AFR,1.0,0.9014272970561998,0.9247897080653142,True,False,False,3908.0,3711.0,-5.040941658137155,Rückgang,False,True
Benin,BEN,2021,AFR,1.0,0.9220231822971549,0.92,True,False,False,3711.0,4146.0,11.721907841552143,Anstieg,False,True
Benin,BEN,2022,AFR,1.0,0.9138202837624803,0.9286946520989074,True,False,False,4146.0,4305.0,3.8350217076700437,Anstieg,False,True
Benin,BEN,2023,AFR,1.0,0.9199444701527071,0.9024144869215291,True,False,False,4305.0,4032.0,-6.341463414634147,Rückgang,False,True
Burkina Faso,BFA,2020,AFR,0.4047449584816133,0.1879003558718861,0.9002525252525253,False,False,False,5691.0,6882.0,20.927780706378492,Anstieg,False,False
Burkina Faso,BFA,2021,AFR,0.630110159118727,0.399265605875153,0.8160637645616187,False,False,False,6882.0,7444.0,8.166230746875907,Anstieg,False,False
Burkina Faso,BFA,2022,AFR,1.0,0.4232320516267814,0.9783989834815756,True,False,False,7444.0,8667.0,16.42933906501881,Anstieg,False,False
Bulgaria,BGR,2022,EUR,0.98854041013269,0.6737032569360676,,False,False,False,764.0,858.0,12.30366492146597,Anstieg,False,False
Bulgaria,BGR,2023,EUR,0.9447698744769875,,,False,False,False,858.0,873.0,1.7482517482517483,Anstieg,False,False
Bahrain,BHR,2019,EMR,0.9432624113475178,0.11550151975683891,,False,False,False,178.0,193.0,8.426966292134832,Anstieg,False,True
Bahrain,BHR,2020,EMR,0.8869257950530035,0.17314487632508835,0.6938775510204082,False,False,False,193.0,196.0,1.5544041450777202,Anstieg,False,True
Bahrain,BHR,2021,EMR,1.0,0.19718309859154928,0.38392857142857145,True,False,False,196.0,188.0,-4.081632653061225,Rückgang,False,True
Bahrain,BHR,2022,EMR,0.8310626702997275,0.08446866485013624,1.0,False,False,True,188.0,163.0,-13.297872340425531,Rückgang,False,True
Bahrain,BHR,2023,EMR,0.8783269961977186,0.20912547528517111,1.0,False,False,True,163.0,146.0,-10.429447852760736,Rückgang,False,True
Bahamas,BHS,2019,AMR,0.29850746268656714,0.16169154228855723,0.38461538461538464,False,False,False,51.0,31.0,-39.21568627450981,Rückgang,False,True
Bahamas,BHS,2020,AMR,1.0,0.0625,1.0,True,False,True,31.0,44.0,41.935483870967744,Anstieg,False,True
Bahamas,BHS,2021,AMR,0.9705882352941176,0.47058823529411764,1.0,False,False,True,44.0,48.0,9.090909090909092,Anstieg,False,True
Bahamas,BHS,2022,AMR,1.0,0.44680851063829785,1.0,True,False,True,48.0,27.0,-43.75,Rückgang,False,True
Bahamas,BHS,2023,AMR,1.0,0.8,1.0,True,False,True,27.0,56.0,107.40740740740742,Anstieg,False,True
Belarus,BLR,2019,EUR,1.0,0.00820251732428228,,True,False,False,2207.0,1514.0,-31.400090620752152,Rückgang,False,True
Belarus,BLR,2020,EUR,1.0,0.0052451919074182,,True,False,False,1514.0,1484.0,-1.9815059445178336,Rückgang,False,True
Belarus,BLR,2021,EUR,1.0,0.0063907044299201165,,True,False,False,1484.0,1670.0,12.533692722371967,Anstieg,False,True
Belarus,BLR,2022,EUR,1.0,0.011233150274588119,,True,False,False,1670.0,1555.0,-6.88622754491018,Rückgang,False,True
Belarus,BLR,2023,EUR,1.0,0.008099866590432629,,True,False,False,1555.0,1241.0,-20.192926045016076,Rückgang,False,True
Belize,BLZ,2020,AMR,1.0,,,True,False,False,78.0,72.0,-7.6923076923076925,Rückgang,False,False
Bermuda,BMU,2020,AMR,1.0,0.0,,True,True,False,3.0,2.0,-33.33333333333333,Rückgang,True,False
Bermuda,BMU,2021,AMR,1.0,0.3333333333333333,1.0,True,False,True,2.0,1.0,-50.0,Rückgang,True,False
Bolivia (Plurinational State of),BOL,2019,AMR,0.9469657337169762,0.11241171854564479,0.8720186154741129,False,False,False,7461.0,6007.0,-19.488004288969307,Rückgang,False,True
Bolivia (Plurinational State of),BOL,2020,AMR,0.8317748356633645,0.1101749837977965,0.8831932773109243,False,False,False,6007.0,7071.0,17.71266855335442,Anstieg,False,True
Bolivia (Plurinational State of),BOL,2021,AMR,0.8042598860728143,0.09716833154462148,0.8887000849617672,False,False,False,7071.0,8073.0,14.170555791260075,Anstieg,False,True
Bolivia (Plurinational State of),BOL,2022,AMR,0.7928707162047048,0.08996789201231899,0.8725418790968682,False,False,False,8073.0,9322.0,15.471324166976341,Anstieg,False,True
Bolivia (Plurinational State of),BOL,2023,AMR,0.9500056236643797,0.08216173658756046,0.7221081451060917,False,False,False,9322.0,9302.0,-0.21454623471358078,Rückgang,False,True
Brazil,BRA,2019,AMR,0.7026140014329628,0.05833082950054314,0.7428480862191933,False,False,False,86258.0,76582.0,-11.21751025991792,Rückgang,False,True
Brazil,BRA,2020,AMR,0.7123457126508814,0.07628674967984524,0.7134081005786127,False,False,False,76582.0,79904.0,4.337833955759839,Anstieg,False,True
Brazil,BRA,2021,AMR,0.7066589666765776,0.09623653454703474,0.6970471154417444,False,False,False,79904.0,88661.0,10.959401281537845,Anstieg,False,True
Brazil,BRA,2022,AMR,0.707174955062912,0.11309666466946275,0.7161714714582138,False,False,False,88661.0,92226.0,4.020933668693112,Anstieg,False,True
Brazil,BRA,2023,AMR,0.6941940211473658,0.10791968335715724,0.7386792903935351,False,False,False,92226.0,92863.0,0.6906945980526099,Anstieg,False,True
Barbados,BRB,2020,AMR,1.0,,,True,False,False,6.0,1.0,-83.33333333333334,Rückgang,True,False
Brunei Darussalam,BRN,2019,WPR,1.0,0.04154302670623145,,True,False,False,242.0,314.0,29.75206611570248,Anstieg,False,True
Brunei Darussalam,BRN,2020,WPR,1.0,0.0013559322033898306,1.0,True,False,True,314.0,235.0,-25.159235668789808,Rückgang,False,True
Brunei Darussalam,BRN,2021,WPR,1.0,1.0,,True,True,False,235.0,224.0,-4.680851063829787,Rückgang,False,True
Brunei Darussalam,BRN,2022,WPR,1.0,0.08928571428571429,0.03333333333333333,True,False,False,224.0,260.0,16.071428571428573,Anstieg,False,True
Brunei Darussalam,BRN,2023,WPR,1.0,0.004576659038901602,,True,False,False,260.0,235.0,-9.615384615384617,Rückgang,False,True
Bhutan,BTN,2019,SEA,1.0,0.06666666666666667,1.0,True,False,True,1005.0,911.0,-9.35323383084577,Rückgang,False,True
Bhutan,BTN,2020,SEA,1.0,0.09010339734121123,1.0,True,False,True,911.0,854.0,-6.256860592755214,Rückgang,False,True
Bhutan,BTN,2021,SEA,1.0,0.02252252252252252,1.0,True,False,True,854.0,794.0,-7.02576112412178,Rückgang,False,True
Bhutan,BTN,2022,SEA,0.8958755916159568,0.12778904665314403,0.8994708994708994,False,False,False,794.0,840.0,5.793450881612091,Anstieg,False,True
Bhutan,BTN,2023,SEA,1.0,0.045567112431896976,1.0,True,False,True,840.0,903.0,7.5,Anstieg,False,True
Botswana,BWA,2023,AFR,0.8702081051478642,0.947973713033954,,False,False,False,1753.0,2402.0,37.02224757558471,Anstieg,False,False
Central African Republic,CAF,2021,AFR,1.0,0.977112676056338,0.9427027027027027,True,False,False,13216.0,14389.0,8.875605326876514,Anstieg,False,False
Central African Republic,CAF,2022,AFR,1.0,1.0,,True,True,False,14389.0,14782.0,2.731253040517062,Anstieg,False,False
Central African Republic,CAF,2023,AFR,1.0,0.915702479338843,0.9467509025270758,True,False,False,14782.0,15855.0,7.258828304694899,Anstieg,False,False
Switzerland,CHE,2020,EUR,1.0,0.19618528610354224,,True,False,False,351.0,355.0,1.1396011396011396,Anstieg,False,False
Switzerland,CHE,2021,EUR,1.0,0.1544502617801047,,True,False,False,355.0,346.0,-2.535211267605634,Rückgang,False,False
Switzerland,CHE,2022,EUR,1.0,0.12780898876404495,,True,False,False,346.0,413.0,19.36416184971098,Anstieg,False,False
Switzerland,CHE,2023,EUR,0.7761341222879684,0.1765285996055227,0.6983240223463687,False,False,False,413.0,421.0,1.937046004842615,Anstieg,False,False
Chile,CHL,2019,AMR,0.8295424490875429,,,False,False,False,2912.0,2420.0,-16.895604395604398,Rückgang,False,True
Chile,CHL,2020,AMR,0.8273609555804404,,,False,False,False,2420.0,2631.0,8.71900826446281,Anstieg,False,True
Chile,CHL,2021,AMR,0.8374358066229857,,,False,False,False,2631.0,2880.0,9.464082098061574,Anstieg,False,True
Chile,CHL,2022,AMR,0.839572192513369,,,False,False,False,2880.0,3151.0,9.409722222222221,Anstieg,False,True
Chile,CHL,2023,AMR,0.7860446137105549,,,False,False,False,3151.0,3091.0,-1.9041574103459218,Rückgang,False,True
China,CHN,2019,WPR,0.7844423111213574,,,False,False,False,728265.0,624715.0,-14.218725326632475,Rückgang,False,True
China,CHN,2020,WPR,0.9968101558230482,,,False,False,False,624715.0,585340.0,-6.302874110594431,Rückgang,False,True
China,CHN,2021,WPR,0.996073763953317,,,False,False,False,585340.0,501261.0,-14.364130249086001,Rückgang,False,True
China,CHN,2022,WPR,0.7813916412290581,0.010451184277109418,0.5654041390082,False,False,False,501261.0,564918.0,12.699372183353583,Anstieg,False,True
China,CHN,2023,WPR,0.8115198926876088,0.008733008389562482,0.9841101694915254,False,False,False,564918.0,531097.0,-5.9868865923904,Rückgang,False,True
Côte d'Ivoire,CIV,2019,AFR,1.0,0.41790623898484314,0.7736167341430499,True,False,False,21208.0,19717.0,-7.030365899660505,Rückgang,False,False
Côte d'Ivoire,CIV,2020,AFR,0.17654900964956832,0.17045454545454544,0.8217877094972067,False,False,False,19717.0,20729.0,5.132626667342902,Anstieg,False,False
Côte d'Ivoire,CIV,2021,AFR,0.15291657698102765,0.17573260354847636,0.8325459317585302,False,False,False,20729.0,21829.0,5.306575329248878,Anstieg,False,False
Cameroon,CMR,2022,AFR,1.0,,0.06135504507124164,True,False,False,24722.0,25129.0,1.6463069330960276,Anstieg,False,False
Democratic Republic of the Congo,COD,2019,AFR,0.8023220066188039,0.6286597826283523,,False,False,False,178527.0,200955.0,12.562805626039758,Anstieg,False,True
Democratic Republic of the Congo,COD,2020,AFR,0.857762307546094,0.5349030602547045,,False,False,False,200955.0,214408.0,6.69453360205021,Anstieg,False,True
Democratic Republic of the Congo,COD,2021,AFR,0.8919433583858355,0.6018576666734193,,False,False,False,214408.0,246119.0,14.790026491548822,Anstieg,False,True
Democratic Republic of the Congo,COD,2022,AFR,0.8837998175773977,0.6531859881349927,,False,False,False,246119.0,258069.0,4.855374839000646,Anstieg,False,True
Democratic Republic of the Congo,COD,2023,AFR,0.8880599318768845,0.9046790907313459,0.7436472006733853,False,False,False,258069.0,286720.0,11.102069601540673,Anstieg,False,True
Congo,COG,2022,AFR,0.0,1.0,,True,True,False,13727.0,14370.0,4.684199023821665,Anstieg,False,False
Congo,COG,2023,AFR,0.20915678524374176,0.11317523056653492,0.8084982537834692,False,False,False,14370.0,13333.0,-7.216423103688239,Rückgang,False,False
Cook Islands,COK,2019,WPR,1.0,,,True,False,False,1.0,1.0,0.0,Unverändert,True,False
Colombia,COL,2019,AMR,0.16919072408897304,0.1110269758637009,,False,False,False,14292.0,12088.0,-15.42121466554716,Rückgang,False,True
Colombia,COL,2020,AMR,0.07013450452923414,0.10005489980785068,0.23251028806584362,False,False,False,12088.0,13659.0,12.996360026472534,Anstieg,False,True
Colombia,COL,2021,AMR,0.188738627981313,0.11266289648389476,0.8847664775207333,False,False,False,13659.0,16692.0,22.20513946848232,Anstieg,False,True
Colombia,COL,2022,AMR,0.15908146917462768,0.07405209754939773,0.8733974358974359,False,False,False,16692.0,19970.0,19.638150011981786,Anstieg,False,True
Colombia,COL,2023,AMR,0.12921957047203622,0.05112105131553358,0.8429347826086957,False,False,False,19970.0,20977.0,5.042563845768653,Anstieg,False,True
Comoros,COM,2023,AFR,1.0,1.0,,True,True,False,107.0,128.0,19.626168224299064,Anstieg,False,False
Cabo Verde,CPV,2019,AFR,1.0,0.3724137931034483,1.0,True,False,True,203.0,207.0,1.9704433497536946,Anstieg,False,False
Cabo Verde,CPV,2020,AFR,1.0,0.43636363636363634,1.0,True,False,True,207.0,182.0,-12.077294685990339,Rückgang,False,False
Cabo Verde,CPV,2021,AFR,1.0,0.7435897435897436,1.0,True,False,True,182.0,145.0,-20.32967032967033,Rückgang,False,False
Costa Rica,CRI,2021,AMR,0.9931192660550459,0.2855504587155963,1.0,False,False,True,350.0,392.0,12.0,Anstieg,False,False
Costa Rica,CRI,2022,AMR,1.0,0.34175217048145223,,True,False,False,392.0,474.0,20.918367346938776,Anstieg,False,False
Costa Rica,CRI,2023,AMR,0.8892900120336944,0.4645006016847172,1.0,False,False,True,474.0,455.0,-4.008438818565401,Rückgang,False,False
Cuba,CUB,2019,AMR,1.0,0.2627378759975445,0.36253894080996885,True,False,False,636.0,580.0,-8.80503144654088,Rückgang,False,True
Cuba,CUB,2020,AMR,0.8860091474140964,0.07212384191392049,0.9560975609756097,False,False,False,580.0,509.0,-12.241379310344827,Rückgang,False,True
Cuba,CUB,2021,AMR,0.7998829724985371,0.17992978349912228,0.9560975609756097,False,False,False,509.0,717.0,40.86444007858546,Anstieg,False,True
Cuba,CUB,2022,AMR,1.0,0.182559324501383,0.6004784688995215,True,False,False,717.0,753.0,5.02092050209205,Anstieg,False,True
Cuba,CUB,2023,AMR,0.9751865066493675,0.3358741485566007,0.5200386286817963,False,False,False,753.0,1054.0,39.9734395750332,Anstieg,False,True
Cayman Islands,CYM,2022,AMR,1.0,0.08333333333333333,1.0,True,False,True,6.0,3.0,-50.0,Rückgang,True,False
Dominica,DMA,2023,AMR,1.0,0.5,0.0,True,False,True,4.0,3.0,-25.0,Rückgang,True,False
Dominican Republic,DOM,2019,AMR,0.5114247311827957,,,False,False,False,3588.0,2619.0,-27.0066889632107,Rückgang,False,True
Dominican Republic,DOM,2020,AMR,0.41448140900195696,0.016634050880626222,,False,False,False,2619.0,3374.0,28.827796869033982,Anstieg,False,True
Dominican Republic,DOM,2021,AMR,0.568019093078759,,,False,False,False,3374.0,4080.0,20.92471843509188,Anstieg,False,True
Dominican Republic,DOM,2022,AMR,0.5469798657718121,0.034995206136145734,0.9178082191780822,False,False,False,4080.0,4377.0,7.279411764705883,Anstieg,False,True
Dominican Republic,DOM,2023,AMR,0.4449003516998828,0.01626611957796014,,False,False,False,4377.0,4506.0,2.9472241261137766,Anstieg,False,True
Algeria,DZA,2022,AFR,0.1091,0.1091,1.0,False,False,True,18738.0,18804.0,0.35222542427153375,Anstieg,False,False
Ecuador,ECU,2019,AMR,0.8860731840524304,0.06608410704533042,,False,False,False,6348.0,5268.0,-17.01323251417769,Rückgang,False,True
Ecuador,ECU,2020,AMR,0.86002886002886,0.04383975812547241,,False,False,False,5268.0,5595.0,6.207289293849659,Anstieg,False,True
Ecuador,ECU,2021,AMR,0.9048251438689686,0.08056662239929172,,False,False,False,5595.0,6922.0,23.717605004468275,Anstieg,False,True
Ecuador,ECU,2022,AMR,0.9364607273218872,0.05718534541030147,,False,False,False,6922.0,8301.0,19.921987864778963,Anstieg,False,True
Ecuador,ECU,2023,AMR,0.7722745332825341,0.017580144777662874,,False,False,False,8301.0,9370.0,12.87796651005903,Anstieg,False,True
Egypt,EGY,2019,EMR,0.8502874834144184,0.05030959752321981,0.8615384615384616,False,False,False,8046.0,6982.0,-13.22396221725081,Rückgang,False,False
Egypt,EGY,2022,EMR,0.909302928219746,0.12788287121015807,0.7993920972644377,False,False,False,7967.0,9312.0,16.8821388226434,Anstieg,False,False
Egypt,EGY,2023,EMR,0.729920650280627,0.05259338107218889,,False,False,False,9312.0,10658.0,14.454467353951891,Anstieg,False,False
Eritrea,ERI,2019,AFR,0.05309734513274336,0.09498525073746313,,False,False,False,1828.0,1594.0,-12.800875273522976,Rückgang,False,False
Eritrea,ERI,2022,AFR,1.0,,0.9957716701902748,True,False,False,1963.0,2220.0,13.092205807437596,Anstieg,False,False
Eritrea,ERI,2023,AFR,1.0,,0.9959286545172548,True,False,False,2220.0,1745.0,-21.396396396396398,Rückgang,False,False
Ethiopia,ETH,2019,AFR,0.8902705000855838,,,False,False,False,111039.0,108193.0,-2.563063428164879,Rückgang,False,True
Ethiopia,ETH,2020,AFR,0.9308046511335725,0.055098720372894774,,False,False,False,108193.0,104606.0,-3.3153716044476074,Rückgang,False,True
Ethiopia,ETH,2021,AFR,0.892148603681395,0.11294806452971652,,False,False,False,104606.0,113638.0,8.634303959619908,Anstieg,False,True
Ethiopia,ETH,2022,AFR,0.9398548802259968,0.1779832366585168,0.7145446854794851,False,False,False,113638.0,134873.0,18.686530913954837,Anstieg,False,True
Ethiopia,ETH,2023,AFR,1.0,0.27900111409457995,0.8360230388458495,True,False,False,134873.0,149902.0,11.14307533753976,Anstieg,False,True
Fiji,FJI,2019,WPR,0.7975308641975308,0.2777777777777778,0.3022222222222222,False,False,False,472.0,431.0,-8.686440677966102,Rückgang,False,False
Fiji,FJI,2020,WPR,1.0,1.0,0.5986696230598669,True,True,False,431.0,342.0,-20.649651972157773,Rückgang,False,False
Fiji,FJI,2021,WPR,1.0,1.0,0.16806722689075632,True,True,False,342.0,571.0,66.95906432748538,Anstieg,False,False
Fiji,FJI,2022,WPR,1.0,0.9966777408637874,0.6466666666666666,True,False,False,571.0,391.0,-31.523642732049034,Rückgang,False,False
France,FRA,2021,EUR,0.829295154185022,,,False,False,False,4042.0,3831.0,-5.220188025729837,Rückgang,False,False
Micronesia (Federated States of),FSM,2019,WPR,0.868020304568528,0.1319796954314721,,False,False,False,91.0,92.0,1.098901098901099,Anstieg,False,True
Micronesia (Federated States of),FSM,2020,WPR,0.36705882352941177,0.1223529411764706,0.3269230769230769,False,False,False,92.0,72.0,-21.73913043478261,Rückgang,False,True
Micronesia (Federated States of),FSM,2021,WPR,0.5714285714285714,0.2987012987012987,0.08695652173913043,False,False,False,72.0,48.0,-33.33333333333333,Rückgang,False,True
Micronesia (Federated States of),FSM,2022,WPR,0.061046511627906974,0.0436046511627907,,False,False,False,48.0,211.0,339.58333333333337,Anstieg,False,True
Micronesia (Federated States of),FSM,2023,WPR,0.10927152317880795,0.052980132450331126,1.0,False,False,True,211.0,141.0,-33.175355450236964,Rückgang,False,True
United Kingdom of Great Britain and Northern Ireland,GBR,2023,EUR,0.765123570638141,0.1066949465142014,0.8228176318063959,False,False,False,5275.0,5941.0,12.625592417061613,Anstieg,False,False
Ghana,GHA,2019,AFR,0.09341819675016132,0.0005279521323400012,1.0,False,False,True,14691.0,12674.0,-13.729494248179158,Rückgang,False,True
Ghana,GHA,2020,AFR,0.910989678202793,0.01068609593199757,,False,False,False,12674.0,13401.0,5.736152753668929,Anstieg,False,True
Ghana,GHA,2021,AFR,0.9797316585783614,0.20678703968027404,,False,False,False,13401.0,16510.0,23.19976121184986,Anstieg,False,True
Ghana,GHA,2022,AFR,0.9198599198091661,0.4383596406638583,,False,False,False,16510.0,19031.0,15.269533615990309,Anstieg,False,True
Ghana,GHA,2023,AFR,0.9794937563280459,0.4086128923388458,0.43088410202193733,False,False,False,19031.0,20009.0,5.138983763333509,Anstieg,False,True
Guinea,GIN,2021,AFR,1.0,1.0,,True,True,False,18754.0,19954.0,6.398634957875653,Anstieg,False,False
Guinea,GIN,2022,AFR,1.0,1.0,,True,True,False,19954.0,20055.0,0.5061641776084995,Anstieg,False,False
Guinea,GIN,2023,AFR,1.0,0.9998240675580577,,True,False,False,20055.0,18317.0,-8.666168037895787,Rückgang,False,False
Gambia,GMB,2020,AFR,0.1454849498327759,0.42474916387959866,0.7244094488188977,False,False,False,2405.0,2254.0,-6.278586278586279,Rückgang,False,False
Gambia,GMB,2021,AFR,0.1302048909451421,0.22207534699272968,0.8482142857142857,False,False,False,2254.0,2535.0,12.466725820763088,Anstieg,False,False
Gambia,GMB,2022,AFR,0.06245443499392467,0.1859052247873633,1.0,False,False,True,2535.0,2766.0,9.112426035502958,Anstieg,False,False
Gambia,GMB,2023,AFR,1.0,0.13351656299725156,0.9479956663055255,True,False,False,2766.0,2783.0,0.6146059291395517,Anstieg,False,False
Guinea-Bissau,GNB,2019,AFR,1.0,0.8406466512702079,0.27197802197802196,True,False,False,2407.0,2543.0,5.650186954715413,Anstieg,False,False
Guinea-Bissau,GNB,2020,AFR,0.0,0.8394415357766143,0.47193347193347196,True,False,False,2543.0,2490.0,-2.084152575697994,Rückgang,False,False
Guatemala,GTM,2021,AMR,0.30228667038482987,0.30228667038482987,,False,False,False,3089.0,4092.0,32.470055033991585,Anstieg,False,False
Guatemala,GTM,2022,AMR,0.8081415519833468,0.2524574997108824,,False,False,False,4092.0,4733.0,15.664711632453567,Anstieg,False,False
Guatemala,GTM,2023,AMR,0.8095614828209765,0.2363245931283906,0.5691056910569106,False,False,False,4733.0,4622.0,-2.3452355799704203,Rückgang,False,False
Guam,GUM,2019,WPR,0.30364372469635625,0.19838056680161945,0.5306122448979592,False,False,False,79.0,57.0,-27.848101265822784,Rückgang,False,True
Guam,GUM,2020,WPR,0.64375,0.25625,0.5365853658536586,False,False,False,57.0,58.0,1.7543859649122806,Anstieg,False,True
Guam,GUM,2021,WPR,0.7916666666666666,0.3819444444444444,0.6545454545454545,False,False,False,58.0,59.0,1.7241379310344827,Anstieg,False,True
Guam,GUM,2022,WPR,0.6532258064516129,0.06182795698924731,0.6956521739130435,False,False,False,59.0,45.0,-23.728813559322035,Rückgang,False,True
Guam,GUM,2023,WPR,0.15081967213114755,0.018032786885245903,1.0,False,False,True,45.0,60.0,33.33333333333333,Anstieg,False,True
Guyana,GUY,2019,AMR,0.6311787072243346,0.20912547528517111,,False,False,False,497.0,366.0,-26.358148893360163,Rückgang,False,True
Guyana,GUY,2020,AMR,0.38482384823848237,0.16260162601626016,,False,False,False,366.0,414.0,13.114754098360656,Anstieg,False,True
Guyana,GUY,2021,AMR,0.6390423572744015,0.16206261510128914,,False,False,False,414.0,390.0,-5.797101449275362,Rückgang,False,True
Guyana,GUY,2022,AMR,0.6376306620209059,0.10452961672473868,,False,False,False,390.0,424.0,8.717948717948717,Anstieg,False,True
Guyana,GUY,2023,AMR,0.5977011494252874,0.14655172413793102,,False,False,False,424.0,427.0,0.7075471698113208,Anstieg,False,True
"China, Hong Kong SAR",HKG,2019,WPR,0.8219354838709677,0.15483870967741936,0.8916666666666667,False,False,False,4051.0,3642.0,-10.096272525302394,Rückgang,False,True
"China, Hong Kong SAR",HKG,2020,WPR,0.603157321720196,0.18671747414262385,0.8542274052478134,False,False,False,3642.0,3711.0,1.8945634266886324,Anstieg,False,True
"China, Hong Kong SAR",HKG,2021,WPR,0.5733916302311055,0.19800124921923798,0.8170347003154574,False,False,False,3711.0,3190.0,-14.039342495284291,Rückgang,False,True
"China, Hong Kong SAR",HKG,2022,WPR,0.5775553967119371,0.20729092208720515,0.8379310344827586,False,False,False,3190.0,3218.0,0.877742946708464,Anstieg,False,True
"China, Hong Kong SAR",HKG,2023,WPR,0.5672235481304694,0.16070007955449483,0.801980198019802,False,False,False,3218.0,3202.0,-0.4972032318210068,Rückgang,False,True
Honduras,HND,2019,AMR,0.5268287570739887,0.21201006078390275,,False,False,False,2424.0,1847.0,-23.803630363036305,Rückgang,False,True
Honduras,HND,2020,AMR,0.38286441396861304,0.22875724586455534,0.0,False,False,True,1847.0,2063.0,11.694639956686519,Anstieg,False,True
Honduras,HND,2021,AMR,0.9245582238332578,0.17489805165382874,1.0,False,False,True,2063.0,2297.0,11.342704798836646,Anstieg,False,True
Honduras,HND,2022,AMR,0.37873340707964603,0.10674778761061947,,False,False,False,2297.0,2616.0,13.887679582063562,Anstieg,False,True
Honduras,HND,2023,AMR,0.5298376051653296,0.13627470162394834,,False,False,False,2616.0,2642.0,0.9938837920489296,Anstieg,False,True
Haiti,HTI,2019,AMR,0.9039816483696542,0.11731935113878421,0.7732774674115456,False,False,False,13019.0,11273.0,-13.411168292495585,Rückgang,False,True
Haiti,HTI,2020,AMR,1.0,0.14849531327084362,,True,False,False,11273.0,10407.0,-7.682072207930453,Rückgang,False,True
Haiti,HTI,2021,AMR,0.621676631471823,0.07950642411906882,,False,False,False,10407.0,11138.0,7.024118381858364,Anstieg,False,True
Haiti,HTI,2022,AMR,1.0,0.12153730970801098,,True,False,False,11138.0,11714.0,5.171485006284791,Anstieg,False,True
Haiti,HTI,2023,AMR,0.8,0.136758677234217,,False,False,False,11714.0,11161.0,-4.720846849923169,Rückgang,False,True
Indonesia,IDN,2019,WPR,0.029479386288997596,0.002853969188266587,0.2795838751625488,False,False,False,559847.0,384025.0,-31.40536610895477,Rückgang,False,True
Indonesia,IDN,2020,WPR,0.028802596751664154,0.0011906437863371004,0.5387840670859538,False,False,False,384025.0,432577.0,12.642926892780418,Anstieg,False,True
Indonesia,IDN,2021,WPR,0.9789280197268452,0.0015776609340329539,0.6935161382462154,False,False,False,432577.0,708658.0,63.8223946256967,Anstieg,False,True
Indonesia,IDN,2022,WPR,0.9925245951818792,0.028825505335133766,0.6657264531828991,False,False,False,708658.0,804836.0,13.571849890920584,Anstieg,False,True
Indonesia,IDN,2023,WPR,0.9882473212649608,0.0701148649300298,0.7266024759284732,False,False,False,804836.0,839018.0,4.247076423022826,Anstieg,False,True
India,IND,2019,SEA,0.7924773801752456,0.022153024839242502,0.07116449333430465,False,False,False,2162323.0,1629301.0,-24.650433815854523,Rückgang,False,True
India,IND,2020,SEA,0.8524492351122137,0.04233149767722845,,False,False,False,1629301.0,1965444.0,20.631117270535032,Anstieg,False,True
India,IND,2021,SEA,0.760220854653506,0.10637958683660034,0.7023626103449083,False,False,False,1965444.0,2255641.0,14.764958960926894,Anstieg,False,True
India,IND,2022,SEA,0.9418253347762041,0.2420277617547088,0.8099988797394102,False,False,False,2255641.0,2382714.0,5.633564915693587,Anstieg,False,True
India,IND,2023,SEA,0.9413053038488058,0.2942607241553421,0.7666460635805089,False,False,False,2382714.0,2498584.0,4.862942006468255,Anstieg,False,True
Iran (Islamic Republic of),IRN,2019,EMR,0.9346065833480021,0.11868509065305403,0.8728216536892844,False,False,False,8524.0,5993.0,-29.692632566870014,Rückgang,False,True
Iran (Islamic Republic of),IRN,2020,EMR,0.9419413155333055,0.1272423863162286,0.9158469945355191,False,False,False,5993.0,6199.0,3.4373435674954114,Anstieg,False,True
Iran (Islamic Republic of),IRN,2021,EMR,0.9361020468703649,0.10756452091367547,0.8698290126861555,False,False,False,6199.0,7261.0,17.131795450879174,Anstieg,False,True
Iran (Islamic Republic of),IRN,2022,EMR,0.9149332061068702,0.1064885496183206,0.8378136200716846,False,False,False,7261.0,7425.0,2.25864206032227,Anstieg,False,True
Iran (Islamic Republic of),IRN,2023,EMR,0.9292984369320247,0.11673027989821882,0.8875048657065006,False,False,False,7425.0,7033.0,-5.279461279461279,Rückgang,False,True
Iraq,IRQ,2019,EMR,0.5806228904571955,0.20796256520405032,0.7097012172630026,False,False,False,6616.0,4987.0,-24.622128174123336,Rückgang,False,True
Iraq,IRQ,2020,EMR,0.5593697242543613,,,False,False,False,4987.0,5801.0,16.322438339683178,Anstieg,False,True
Iraq,IRQ,2021,EMR,0.635330752398586,0.1824608651742131,0.8514760147601476,False,False,False,5801.0,6643.0,14.514738838131358,Anstieg,False,True
Iraq,IRQ,2022,EMR,0.6142227361422273,0.5556117655561177,0.9154526534859522,False,False,False,6643.0,6945.0,4.546138792714135,Anstieg,False,True
Iraq,IRQ,2023,EMR,0.6926248638556092,0.6220631709973549,0.830040020010005,False,False,False,6945.0,6454.0,-7.069834413246941,Rückgang,False,True
Jordan,JOR,2019,EMR,1.0,,,True,False,False,446.0,250.0,-43.946188340807176,Rückgang,False,False
Jordan,JOR,2023,EMR,0.8076923076923077,0.14358974358974358,0.8928571428571429,False,False,False,251.0,271.0,7.968127490039841,Anstieg,False,False
Kazakhstan,KAZ,2019,EUR,1.0,0.024126944848278636,,True,False,False,12501.0,9603.0,-23.18214542836573,Rückgang,False,True
Kazakhstan,KAZ,2020,EUR,1.0,0.1252202601882053,1.0,True,False,True,9603.0,9757.0,1.6036655211912942,Anstieg,False,True
Kazakhstan,KAZ,2021,EUR,1.0,0.16619559072922555,1.0,True,False,True,9757.0,10009.0,2.58276109459875,Anstieg,False,True
Kazakhstan,KAZ,2022,EUR,1.0,0.17615849563465413,,True,False,False,10009.0,9506.0,-5.025477070636427,Rückgang,False,True
Kazakhstan,KAZ,2023,EUR,1.0,0.1708451089433859,0.9099964425471363,True,False,False,9506.0,9133.0,-3.9238375762676205,Rückgang,False,True
Kenya,KEN,2019,AFR,1.0,0.9610165593376265,0.7633121933708269,True,False,False,84345.0,71060.0,-15.750785464461439,Rückgang,False,True
Kenya,KEN,2020,AFR,0.10328460224036454,0.8311182836529334,0.7497430039977155,False,False,False,71060.0,76010.0,6.96594427244582,Anstieg,False,True
Kenya,KEN,2021,AFR,0.8467157083868281,0.06450605503313786,0.8168370091447015,False,False,False,76010.0,88690.0,16.682015524273123,Anstieg,False,True
Kenya,KEN,2022,AFR,1.0,0.2903555646444798,0.895578147966683,True,False,False,88690.0,94653.0,6.723418649227647,Anstieg,False,True
Kenya,KEN,2023,AFR,0.99828992022566,0.3821587553439993,0.8925128015869355,False,False,False,94653.0,94833.0,0.19016829894456594,Anstieg,False,True
Kyrgyzstan,KGZ,2019,EUR,1.0,0.048442556634304204,,True,False,False,6138.0,4241.0,-30.905832518735743,Rückgang,False,True
Kyrgyzstan,KGZ,2020,EUR,1.0,0.038328861632809505,,True,False,False,4241.0,4596.0,8.370667295449188,Anstieg,False,True
Kyrgyzstan,KGZ,2021,EUR,1.0,0.03979261179520415,0.6156351791530945,True,False,False,4596.0,4568.0,-0.6092254134029591,Rückgang,False,True
Kyrgyzstan,KGZ,2022,EUR,0.9738939269029954,0.06856279197581754,0.9018036072144289,False,False,False,4568.0,4183.0,-8.428196147110333,Rückgang,False,True
Kyrgyzstan,KGZ,2023,EUR,0.9748410658731232,0.061003652103341,0.9290465631929047,False,False,False,4183.0,3989.0,-4.637819746593354,Rückgang,False,True
Kiribati,KIR,2019,WPR,0.011577424023154847,0.15050651230101303,0.8269230769230769,False,False,False,410.0,385.0,-6.097560975609756,Rückgang,False,False
Kiribati,KIR,2020,WPR,0.01972062448644207,0.13640098603122433,0.7590361445783133,False,False,False,385.0,330.0,-14.285714285714285,Rückgang,False,False
Kiribati,KIR,2023,WPR,0.9131602506714414,0.1396598030438675,0.9038461538461539,False,False,False,565.0,597.0,5.663716814159292,Anstieg,False,False
Republic of Korea,KOR,2019,WPR,0.8082258934261484,0.1331928035688024,0.7007729112992271,False,False,False,27956.0,23110.0,-17.334382601230505,Rückgang,False,True
Republic of Korea,KOR,2020,WPR,0.833202291362462,0.15230821071548917,0.7216076696165191,False,False,False,23110.0,21433.0,-7.256598874945911,Rückgang,False,True
Republic of Korea,KOR,2021,WPR,0.8200498132004981,0.15950601909506018,0.8197787898503578,False,False,False,21433.0,19128.0,-10.754444081556478,Rückgang,False,True
Republic of Korea,KOR,2022,WPR,0.7745813653928725,0.15193522664540268,0.8566814695195801,False,False,False,19128.0,18361.0,-4.00982852363028,Rückgang,False,True
Republic of Korea,KOR,2023,WPR,0.7745313854979654,0.16396504569408313,0.8641171684296176,False,False,False,18361.0,16798.0,-8.51260824573825,Rückgang,False,True
Kuwait,KWT,2019,EMR,1.0,0.9974763406940063,0.9955724225173941,True,False,False,791.0,691.0,-12.64222503160556,Rückgang,False,True
Kuwait,KWT,2020,EMR,1.0,0.9989451476793249,,True,False,False,691.0,736.0,6.512301013024602,Anstieg,False,True
Kuwait,KWT,2021,EMR,1.0,,,True,False,False,736.0,449.0,-38.994565217391305,Rückgang,False,True
Kuwait,KWT,2022,EMR,1.0,0.27435530085959886,,True,False,False,449.0,410.0,-8.68596881959911,Rückgang,False,True
Kuwait,KWT,2023,EMR,1.0,0.2733707590920185,,True,False,False,410.0,398.0,-2.9268292682926833,Rückgang,False,True
Lebanon,LBN,2019,EMR,0.8690404345202173,0.2637296318648159,,False,False,False,757.0,658.0,-13.0779392338177,Rückgang,False,True
Lebanon,LBN,2020,EMR,0.9307036247334755,0.31449893390191896,,False,False,False,658.0,471.0,-28.419452887537993,Rückgang,False,True
Lebanon,LBN,2021,EMR,0.9270718232044199,0.3005524861878453,,False,False,False,471.0,510.0,8.280254777070063,Anstieg,False,True
Lebanon,LBN,2022,EMR,0.8133333333333334,0.19076923076923077,,False,False,False,510.0,505.0,-0.9803921568627451,Rückgang,False,True
Lebanon,LBN,2023,EMR,0.8350903614457831,0.19954819277108435,,False,False,False,505.0,532.0,5.346534653465347,Anstieg,False,True
Liberia,LBR,2020,AFR,0.7898550724637681,0.6884057971014492,,False,False,False,6958.0,7327.0,5.303248059787295,Anstieg,False,False
Liberia,LBR,2021,AFR,0.5558659217877095,0.5139664804469274,0.9782608695652174,False,False,False,7327.0,7073.0,-3.4666302715981985,Rückgang,False,False
Libya,LBY,2020,EMR,0.0,1.0,,True,True,False,1748.0,1944.0,11.212814645308924,Anstieg,False,False
Saint Lucia,LCA,2022,AMR,1.0,0.0,,True,True,False,2.0,2.0,0.0,Unverändert,True,False
Sri Lanka,LKA,2019,SEA,0.7624585796894289,0.04846988499772594,,False,False,False,8204.0,7035.0,-14.249146757679181,Rückgang,False,True
Sri Lanka,LKA,2020,SEA,0.5202248080424285,0.0569935882213251,0.5027777777777778,False,False,False,7035.0,6551.0,-6.879886282871357,Rückgang,False,True
Sri Lanka,LKA,2021,SEA,0.5866351596416992,0.040281365060174754,1.0,False,False,True,6551.0,8121.0,23.965806747061517,Anstieg,False,True
Sri Lanka,LKA,2022,SEA,0.6790484140233722,0.08879382303839733,1.0,False,False,True,8121.0,9271.0,14.160817633296391,Anstieg,False,True
Sri Lanka,LKA,2023,SEA,0.6669695592912313,0.12020510157720517,0.8612311015118791,False,False,False,9271.0,8936.0,-3.613418185740481,Rückgang,False,True
Lesotho,LSO,2019,AFR,0.6822233606557377,0.020543032786885247,0.5461346633416458,False,False,False,7059.0,4565.0,-35.33078339708174,Rückgang,False,True
Lesotho,LSO,2020,AFR,0.72544080604534,0.13543886843634956,0.6838340486409156,False,False,False,4565.0,4490.0,-1.642935377875137,Rückgang,False,True
Lesotho,LSO,2021,AFR,0.8146453089244852,0.22384023299355107,0.7574349442379182,False,False,False,4490.0,5599.0,24.69933184855234,Anstieg,False,True
Lesotho,LSO,2022,AFR,0.8118662025124868,0.29983350991372787,0.8359414437152953,False,False,False,5599.0,6495.0,16.00285765315235,Anstieg,False,True
Lesotho,LSO,2023,AFR,0.9099868593955321,0.5514673674989049,0.8415409054805401,False,False,False,6495.0,6575.0,1.2317167051578137,Anstieg,False,True
"China, Macao SAR",MAC,2019,WPR,0.6757457846952011,0.0648508430609598,,False,False,False,363.0,363.0,0.0,Unverändert,False,True
"China, Macao SAR",MAC,2020,WPR,0.28939393939393937,0.10454545454545454,,False,False,False,363.0,338.0,-6.887052341597796,Rückgang,False,True
"China, Macao SAR",MAC,2021,WPR,0.7457627118644068,0.08851224105461393,,False,False,False,338.0,295.0,-12.721893491124261,Rückgang,False,True
"China, Macao SAR",MAC,2022,WPR,0.6956521739130435,0.09145427286356822,,False,False,False,295.0,315.0,6.779661016949152,Anstieg,False,True
"China, Macao SAR",MAC,2023,WPR,0.725314183123878,0.1310592459605027,,False,False,False,315.0,276.0,-12.380952380952381,Rückgang,False,True
Morocco,MAR,2019,EMR,0.7195292902464218,0.023535487678913974,,False,False,False,30762.0,29018.0,-5.669332293088876,Rückgang,False,False
Morocco,MAR,2020,EMR,0.546314205888674,0.03141342503044631,,False,False,False,29018.0,29327.0,1.0648562960920809,Anstieg,False,False
Morocco,MAR,2021,EMR,0.19145269688092367,0.11528519731173531,0.57847533632287,False,False,False,29327.0,30503.0,4.009956695195553,Anstieg,False,False
Morocco,MAR,2022,EMR,0.6305084745762712,0.05353451839603142,0.7837837837837838,False,False,False,30503.0,32429.0,6.31413303609481,Anstieg,False,False
Republic of Moldova,MDA,2019,EUR,0.9304582519811646,0.08102676007809809,,False,False,False,2809.0,1767.0,-37.09505161979352,Rückgang,False,True
Republic of Moldova,MDA,2020,EUR,0.899857108835437,0.06549178375803763,0.8018181818181818,False,False,False,1767.0,2067.0,16.97792869269949,Anstieg,False,True
Republic of Moldova,MDA,2021,EUR,0.8779456193353474,0.11102719033232629,0.745578231292517,False,False,False,2067.0,2121.0,2.6124818577648767,Anstieg,False,True
Republic of Moldova,MDA,2022,EUR,0.8695441319107663,0.14730843840931135,0.8930041152263375,False,False,False,2121.0,2164.0,2.0273455917020273,Anstieg,False,True
Republic of Moldova,MDA,2023,EUR,0.9569815121214301,0.1197036184447162,0.8996394230769231,False,False,False,2164.0,1931.0,-10.767097966728281,Rückgang,False,True
Madagascar,MDG,2019,AFR,1.0,0.803495835040284,,True,False,False,37220.0,36122.0,-2.950026867275658,Rückgang,False,False
Madagascar,MDG,2020,AFR,0.043706293706293704,,,False,False,False,36122.0,40031.0,10.821659930236422,Anstieg,False,False
Madagascar,MDG,2021,AFR,0.27930651530108586,0.5543558736426456,,False,False,False,40031.0,45245.0,13.024905698083986,Anstieg,False,False
Maldives,MDV,2021,SEA,0.0625,0.0625,1.0,False,False,True,87.0,111.0,27.586206896551722,Anstieg,False,False
Mexico,MEX,2019,AMR,0.8064668508939749,0.05316611162285363,0.28698356286095067,False,False,False,23702.0,17603.0,-25.73200573791241,Rückgang,False,True
Mexico,MEX,2020,AMR,0.8294020432692307,0.046011117788461536,0.30122448979591837,False,False,False,17603.0,21651.0,22.996080213599953,Anstieg,False,True
Mexico,MEX,2021,AMR,0.8859869657545949,0.036368961898020455,0.4053691275167785,False,False,False,21651.0,25449.0,17.54191492309824,Anstieg,False,True
Mexico,MEX,2022,AMR,0.8528404035815019,0.03799193594184792,0.46088689586447434,False,False,False,25449.0,27030.0,6.212424849699398,Anstieg,False,True
Mexico,MEX,2023,AMR,0.8367402356419811,0.03715660687615973,0.758830694275274,False,False,False,27030.0,27627.0,2.20865704772475,Anstieg,False,True
Marshall Islands,MHL,2019,WPR,0.8842504743833017,0.14990512333965844,0.9240506329113924,False,False,False,227.0,147.0,-35.24229074889868,Rückgang,False,True
Marshall Islands,MHL,2020,WPR,0.9659367396593674,0.9659367396593674,0.8564231738035264,False,False,False,147.0,118.0,-19.727891156462583,Rückgang,False,True
Marshall Islands,MHL,2021,WPR,0.9482129832239241,0.08315098468271334,0.9649122807017544,False,False,False,118.0,102.0,-13.559322033898304,Rückgang,False,True
Marshall Islands,MHL,2022,WPR,0.8188976377952756,0.17716535433070865,0.6666666666666666,False,False,False,102.0,215.0,110.78431372549021,Anstieg,False,True
Marshall Islands,MHL,2023,WPR,1.0,0.1166077738515901,0.9090909090909091,True,False,False,215.0,92.0,-57.20930232558139,Rückgang,False,True
North Macedonia,MKD,2019,EUR,0.8201058201058201,0.3386243386243386,,False,False,False,199.0,143.0,-28.14070351758794,Rückgang,False,False
North Macedonia,MKD,2020,EUR,0.8507462686567164,0.3582089552238806,0.625,False,False,False,143.0,143.0,0.0,Unverändert,False,False
North Macedonia,MKD,2023,EUR,1.0,0.5454545454545454,0.8518518518518519,True,False,False,157.0,156.0,-0.6369426751592357,Rückgang,False,False
Mali,MLI,2020,AFR,0.05255023183925812,0.5834621329211747,,False,False,False,6922.0,7285.0,5.244149089858422,Anstieg,False,False
Mali,MLI,2021,AFR,0.06131767775603392,0.6881930854533594,,False,False,False,7285.0,7897.0,8.40082361015786,Anstieg,False,False
Malta,MLT,2022,EUR,1.0,0.13836477987421383,,True,False,False,60.0,68.0,13.333333333333334,Anstieg,False,False
Malta,MLT,2023,EUR,1.0,0.1044776119402985,1.0,True,False,True,68.0,60.0,-11.76470588235294,Rückgang,False,False
Myanmar,MMR,2021,SEA,0.5687666370896185,0.0120452528837622,0.9705340699815838,False,False,False,64410.0,118311.0,83.6842105263158,Anstieg,False,False
Myanmar,MMR,2022,SEA,0.5196959225984796,0.02682067989600816,0.8797546012269939,False,False,False,118311.0,129122.0,9.137780933302905,Anstieg,False,False
Myanmar,MMR,2023,SEA,0.3761285268470597,0.07746542180898199,0.9273872679045093,False,False,False,129122.0,114359.0,-11.43337308901659,Rückgang,False,False
Montenegro,MNE,2020,EUR,0.14545454545454545,,,False,False,False,40.0,80.0,100.0,Anstieg,False,False
Montenegro,MNE,2021,EUR,0.20588235294117646,,,False,False,False,80.0,71.0,-11.25,Rückgang,False,False
Montenegro,MNE,2022,EUR,0.6328125,,,False,False,False,71.0,62.0,-12.676056338028168,Rückgang,False,False
Montenegro,MNE,2023,EUR,0.3130434782608696,,,False,False,False,62.0,58.0,-6.451612903225806,Rückgang,False,False
Mongolia,MNG,2019,WPR,0.8570378537302462,0.059353178978316795,,False,False,False,4277.0,3861.0,-9.72644376899696,Rückgang,False,True
Mongolia,MNG,2020,WPR,0.8597449908925319,0.030965391621129327,,False,False,False,3861.0,2709.0,-29.836829836829835,Rückgang,False,True
Mongolia,MNG,2021,WPR,0.8124826629680999,0.0377253814147018,1.0,False,False,True,2709.0,2803.0,3.4699150978220747,Anstieg,False,True
Mongolia,MNG,2022,WPR,0.8796163069544365,0.09720223820943245,0.9851973684210527,False,False,False,2803.0,2998.0,6.956831965750982,Anstieg,False,True
Mongolia,MNG,2023,WPR,0.8829325975561687,0.12179739850216792,0.970873786407767,False,False,False,2998.0,2832.0,-5.537024683122081,Rückgang,False,True
Northern Mariana Islands,MNP,2019,WPR,0.6123076923076923,0.009230769230769232,0.0,False,False,True,51.0,41.0,-19.607843137254903,Rückgang,False,True
Northern Mariana Islands,MNP,2020,WPR,0.5948275862068966,,,False,False,False,41.0,35.0,-14.634146341463413,Rückgang,False,True
Northern Mariana Islands,MNP,2021,WPR,0.1411764705882353,0.1411764705882353,1.0,False,False,True,35.0,23.0,-34.285714285714285,Rückgang,False,True
Northern Mariana Islands,MNP,2022,WPR,0.7160493827160493,0.2345679012345679,0.3157894736842105,False,False,False,23.0,22.0,-4.3478260869565215,Rückgang,False,True
Northern Mariana Islands,MNP,2023,WPR,0.5555555555555556,0.08888888888888889,0.55,False,False,False,22.0,10.0,-54.54545454545454,Rückgang,False,True
Mauritius,MUS,2022,AFR,1.0,0.32531645569620254,0.7509727626459144,True,False,False,120.0,103.0,-14.166666666666666,Rückgang,False,False
Mauritius,MUS,2023,AFR,1.0,0.3,0.8205128205128205,True,False,False,103.0,104.0,0.9708737864077669,Anstieg,False,False
Malawi,MWI,2019,AFR,0.8887433448829545,0.10753824051381729,0.943418467583497,False,False,False,16902.0,15133.0,-10.466217015737783,Rückgang,False,True
Malawi,MWI,2020,AFR,0.8980565371024735,0.10653710247349824,0.9241293532338308,False,False,False,15133.0,14385.0,-4.942840150664112,Rückgang,False,True
Malawi,MWI,2021,AFR,0.913913425406276,0.09267483285344785,0.9578725645076356,False,False,False,14385.0,18025.0,25.304136253041364,Anstieg,False,True
Malawi,MWI,2022,AFR,0.928336268279611,0.08954138274251588,0.9350149636596836,False,False,False,18025.0,18784.0,4.2108183079056865,Anstieg,False,True
Malawi,MWI,2023,AFR,0.9344776065012208,0.08906380962792901,0.943126022913257,False,False,False,18784.0,18021.0,-4.061967632027257,Rückgang,False,True
Malaysia,MYS,2019,WPR,0.6672575522564443,0.06022108969150848,0.7694194603434178,False,False,False,25565.0,22973.0,-10.138861725014667,Rückgang,False,True
Malaysia,MYS,2020,WPR,0.7464060048344006,0.15270768839319793,0.8422660372118855,False,False,False,22973.0,21186.0,-7.778696730945023,Rückgang,False,True
Malaysia,MYS,2021,WPR,0.7218881050681057,0.15126296284256038,0.594455190199871,False,False,False,21186.0,24795.0,17.03483432455395,Anstieg,False,True
Malaysia,MYS,2022,WPR,0.4542577853600149,0.048600458144446204,0.7985845718329795,False,False,False,24795.0,26149.0,5.4607783827384555,Anstieg,False,True
Malaysia,MYS,2023,WPR,0.7098307021188202,0.08441524719567926,0.7389521172972419,False,False,False,26149.0,26183.0,0.1300240926995296,Anstieg,False,True
Namibia,NAM,2019,AFR,0.8624823695345557,0.08339210155148095,0.8821353065539113,False,False,False,7801.0,6509.0,-16.56197923343161,Rückgang,False,True
Namibia,NAM,2020,AFR,0.825462291515591,0.08552393038433648,0.8881822999470058,False,False,False,6509.0,6703.0,2.9804885543094177,Anstieg,False,True
Namibia,NAM,2021,AFR,0.8508190851311431,0.07125593053441948,0.9038944723618091,False,False,False,6703.0,8620.0,28.599134715798897,Anstieg,False,True
Namibia,NAM,2022,AFR,0.8155122777307366,0.09571549534292972,0.8818117480537863,False,False,False,8620.0,9250.0,7.308584686774942,Anstieg,False,True
Namibia,NAM,2023,AFR,0.8150212598706542,0.17043627398434988,0.740041928721174,False,False,False,9250.0,8457.0,-8.572972972972973,Rückgang,False,True
Niger,NER,2021,AFR,0.904441117764471,0.904441117764471,,False,False,False,12786.0,14223.0,11.238854997653684,Anstieg,False,False
Niger,NER,2022,AFR,0.8789452656811826,0.8789452656811826,,False,False,False,14223.0,15483.0,8.858890529424173,Anstieg,False,False
Niger,NER,2023,AFR,0.8708449916060437,0.8714045886961388,,False,False,False,15483.0,16443.0,6.200348769618291,Anstieg,False,False
Nigeria,NGA,2019,AFR,0.8828178694158075,0.5296023564064801,0.8153503893214683,False,False,False,117320.0,135784.0,15.7381520627344,Anstieg,False,True
Nigeria,NGA,2020,AFR,0.8922820154269475,0.4389011682980739,0.8242548818088387,False,False,False,135784.0,204725.0,50.77255052141637,Anstieg,False,True
Nigeria,NGA,2021,AFR,0.8084413080364029,0.16887436372049977,0.8423245989610093,False,False,False,204725.0,282184.0,37.83563316644279,Anstieg,False,True
Nigeria,NGA,2022,AFR,0.9418394323083344,0.3048941853073496,0.9395463290233099,False,False,False,282184.0,367250.0,30.145578771298158,Anstieg,False,True
Nigeria,NGA,2023,AFR,0.9424941106813973,0.4668009347324927,0.9204968273619372,False,False,False,367250.0,402051.0,9.476106194690265,Anstieg,False,True
Nicaragua,NIC,2019,AMR,0.9356804333107651,0.5362220717670955,1.0,False,False,True,2248.0,1886.0,-16.10320284697509,Rückgang,False,False
Nicaragua,NIC,2022,AMR,1.0,0.8401869158878504,0.899888765294772,True,False,False,2102.0,2122.0,0.9514747859181731,Anstieg,False,False
Nepal,NPL,2019,SEA,0.6215251487290427,0.03703932627675191,0.8548185231539425,False,False,False,31495.0,27282.0,-13.376726464518176,Rückgang,False,True
Nepal,NPL,2020,SEA,0.25500464006363516,0.03306045340050378,,False,False,False,27282.0,28252.0,3.555457811010923,Anstieg,False,True
Nepal,NPL,2021,SEA,0.3218901910540001,0.03971812940422806,,False,False,False,28252.0,37351.0,32.20656944641087,Anstieg,False,True
Nepal,NPL,2022,SEA,0.2805343941156603,0.023702480579427327,0.8587713742875237,False,False,False,37351.0,36881.0,-1.2583331102246258,Rückgang,False,True
Nepal,NPL,2023,SEA,0.2839129080551006,0.036753845690114244,0.967741935483871,False,False,False,36881.0,40195.0,8.98565657113419,Anstieg,False,True
Oman,OMN,2019,EMR,0.952116935483871,0.1658266129032258,0.668693009118541,False,False,False,368.0,313.0,-14.945652173913043,Rückgang,False,True
Oman,OMN,2020,EMR,0.9641401792991035,0.22901385493072535,0.6192170818505338,False,False,False,313.0,231.0,-26.198083067092654,Rückgang,False,True
Oman,OMN,2021,EMR,0.930421909696521,0.17172464840858623,0.6767241379310345,False,False,False,231.0,369.0,59.74025974025974,Anstieg,False,True
Oman,OMN,2022,EMR,0.9444985394352483,0.1382667964946446,0.7429577464788732,False,False,False,369.0,489.0,32.52032520325203,Anstieg,False,True
Oman,OMN,2023,EMR,0.9062389848431441,0.1547409235107508,0.6856492027334852,False,False,False,489.0,418.0,-14.519427402862986,Rückgang,False,True
Pakistan,PAK,2020,EMR,0.29439919482601157,0.016092296796078504,,False,False,False,272990.0,339256.0,24.274149236235758,Anstieg,False,False
Pakistan,PAK,2021,EMR,0.36259387557156714,0.00713454343910212,,False,False,False,339256.0,424601.0,25.156518970924612,Anstieg,False,False
Pakistan,PAK,2022,EMR,0.482365776435589,0.012174177112681997,,False,False,False,424601.0,475761.0,12.04895890494841,Anstieg,False,False
Pakistan,PAK,2023,EMR,0.754419829735196,0.06313908094633366,0.532657926102503,False,False,False,475761.0,497720.0,4.615552767040594,Anstieg,False,False
Panama,PAN,2021,AMR,0.653558052434457,0.09850187265917602,,False,False,False,1452.0,1645.0,13.292011019283748,Anstieg,False,False
Panama,PAN,2022,AMR,0.6388294075660242,0.09635974304068523,,False,False,False,1645.0,2077.0,26.261398176291795,Anstieg,False,False
Panama,PAN,2023,AMR,0.6923617208077261,0.06093064091308165,,False,False,False,2077.0,2175.0,4.718343765045739,Anstieg,False,False
Peru,PER,2019,AMR,0.8878630985798349,0.10885160002495166,0.19598853868194843,False,False,False,31764.0,23755.0,-25.214078831381435,Rückgang,False,True
Peru,PER,2020,AMR,0.32871267933307485,0.0991663435440093,0.4095796676441838,False,False,False,23755.0,25657.0,8.006735424121239,Anstieg,False,True
Peru,PER,2021,AMR,0.8345058093267548,0.07381823969441349,0.39197930142302717,False,False,False,25657.0,28339.0,10.453287601824064,Anstieg,False,True
Peru,PER,2022,AMR,0.8310518008322572,0.07091404792653179,0.5690004046944557,False,False,False,28339.0,31686.0,11.810579060658457,Anstieg,False,True
Peru,PER,2023,AMR,0.8364709061430373,0.07566204287515763,0.5842261904761905,False,False,False,31686.0,30510.0,-3.711418291990153,Rückgang,False,True
Palau,PLW,2019,WPR,0.675,0.25,1.0,False,False,True,6.0,10.0,66.66666666666666,Anstieg,True,False
Palau,PLW,2020,WPR,0.9487179487179487,0.23076923076923078,1.0,False,False,True,10.0,8.0,-20.0,Rückgang,False,False
Palau,PLW,2021,WPR,0.7307692307692307,0.11538461538461539,1.0,False,False,True,8.0,7.0,-12.5,Rückgang,True,False
Palau,PLW,2022,WPR,0.6071428571428571,0.25,1.0,False,False,True,7.0,15.0,114.28571428571428,Anstieg,True,False
Palau,PLW,2023,WPR,0.8588235294117647,0.3176470588235294,1.0,False,False,True,15.0,5.0,-66.66666666666666,Rückgang,False,False
Papua New Guinea,PNG,2019,WPR,0.8880583409298086,0.2707383773928897,,False,False,False,30671.0,28227.0,-7.968439242280982,Rückgang,False,False
Papua New Guinea,PNG,2020,WPR,0.8236297198538368,0.33934226552984165,,False,False,False,28227.0,28873.0,2.288588939667694,Anstieg,False,False
Papua New Guinea,PNG,2023,WPR,0.818863456985004,0.3435280189423836,,False,False,False,40869.0,44737.0,9.464386209596515,Anstieg,False,False
Puerto Rico,PRI,2019,AMR,0.5632183908045977,0.13793103448275862,0.6666666666666666,False,False,False,36.0,27.0,-25.0,Rückgang,False,False
Puerto Rico,PRI,2020,AMR,0.743421052631579,0.125,0.8947368421052632,False,False,False,27.0,17.0,-37.03703703703704,Rückgang,False,False
Puerto Rico,PRI,2021,AMR,0.4573643410852713,0.046511627906976744,0.6666666666666666,False,False,False,17.0,21.0,23.52941176470588,Anstieg,False,False
Puerto Rico,PRI,2022,AMR,0.4142857142857143,0.07142857142857142,0.8,False,False,False,21.0,20.0,-4.761904761904762,Rückgang,False,False
Democratic People's Republic of Korea,PRK,2019,SEA,0.1154126863129896,0.1142611544512383,1.0,False,False,True,95722.0,89640.0,-6.353816259585049,Rückgang,False,True
Democratic People's Republic of Korea,PRK,2020,SEA,0.06871742236712351,0.06803316629435087,1.0,False,False,True,89640.0,87413.0,-2.4843819723337797,Rückgang,False,True
Democratic People's Republic of Korea,PRK,2021,SEA,0.08128674455347643,0.08048064831633366,0.8990384615384616,False,False,False,87413.0,81776.0,-6.4486975621475064,Rückgang,False,True
Democratic People's Republic of Korea,PRK,2022,SEA,0.08197215357724068,0.08115243204146827,0.8052584670231729,False,False,False,81776.0,78359.0,-4.178487575816866,Rückgang,False,True
Democratic People's Republic of Korea,PRK,2023,SEA,0.08197359360498188,0.08115026496212688,1.0,False,False,True,78359.0,71277.0,-9.037889712732424,Rückgang,False,True
Portugal,PRT,2019,EUR,0.720676866017617,0.47009735744089015,0.8155818540433925,False,False,False,1720.0,1402.0,-18.488372093023255,Rückgang,False,True
Portugal,PRT,2020,EUR,0.7058545797922569,0.6458923512747875,0.8662280701754386,False,False,False,1402.0,1463.0,4.3509272467903,Anstieg,False,True
Portugal,PRT,2021,EUR,0.7224092779648336,0.4276094276094276,0.7917760279965005,False,False,False,1463.0,1476.0,0.888585099111415,Anstieg,False,True
Portugal,PRT,2022,EUR,0.8010321100917431,0.6743119266055045,0.7738095238095238,False,False,False,1476.0,1501.0,1.6937669376693765,Anstieg,False,True
Portugal,PRT,2023,EUR,0.6366622864651774,0.5220105124835742,0.7646318439269981,False,False,False,1501.0,1356.0,-9.66022651565623,Rückgang,False,True
Paraguay,PRY,2019,AMR,0.5719539102721255,0.05442510419220397,0.8423423423423423,False,False,False,2834.0,2363.0,-16.619618913196895,Rückgang,False,True
Paraguay,PRY,2020,AMR,0.9697616506581288,0.060832443970117396,,False,False,False,2363.0,2734.0,15.70038087177317,Anstieg,False,True
Paraguay,PRY,2021,AMR,0.9978001257071024,0.13104965430546825,,False,False,False,2734.0,3250.0,18.873445501097294,Anstieg,False,True
Paraguay,PRY,2022,AMR,0.9341954022988506,0.14195402298850573,,False,False,False,3250.0,3719.0,14.430769230769231,Anstieg,False,True
Paraguay,PRY,2023,AMR,1.0,0.17082079931241942,0.09433962264150944,True,False,False,3719.0,4054.0,9.00779779510621,Anstieg,False,True
"occupied Palestinian territory, including east Jerusalem",PSE,2019,EMR,1.0,1.0,0.09411764705882353,True,True,False,21.0,26.0,23.809523809523807,Anstieg,False,True
"occupied Palestinian territory, including east Jerusalem",PSE,2020,EMR,1.0,0.08333333333333333,0.8,True,False,False,26.0,25.0,-3.8461538461538463,Rückgang,False,True
"occupied Palestinian territory, including east Jerusalem",PSE,2021,EMR,1.0,1.0,1.0,True,True,True,25.0,21.0,-16.0,Rückgang,False,True
"occupied Palestinian territory, including east Jerusalem",PSE,2022,EMR,1.0,0.23376623376623376,,True,False,False,21.0,15.0,-28.57142857142857,Rückgang,False,True
"occupied Palestinian territory, including east Jerusalem",PSE,2023,EMR,1.0,,,True,False,False,15.0,11.0,-26.666666666666668,Rückgang,False,True
French Polynesia,PYF,2021,WPR,0.9609261939218524,0.05209840810419682,,False,False,False,34.0,55.0,61.76470588235294,Anstieg,False,False
French Polynesia,PYF,2022,WPR,0.9205087440381559,0.07790143084260731,0.9591836734693877,False,False,False,55.0,35.0,-36.36363636363637,Rückgang,False,False
Qatar,QAT,2019,EMR,1.0,0.14624314737181554,,True,False,False,859.0,861.0,0.23282887077997672,Anstieg,False,False
Qatar,QAT,2020,EMR,1.0,0.1510989010989011,,True,False,False,861.0,983.0,14.169570267131244,Anstieg,False,False
Qatar,QAT,2021,EMR,1.0,0.13437312537492502,,True,False,False,983.0,872.0,-11.291963377416073,Rückgang,False,False
Romania,ROU,2019,EUR,1.0,0.9699819168173599,1.0,True,False,True,11083.0,7193.0,-35.09879996390869,Rückgang,False,False
Romania,ROU,2020,EUR,1.0,0.9699539170506912,0.9800456100342075,True,False,False,7193.0,7591.0,5.533157236201863,Anstieg,False,False
Rwanda,RWA,2019,AFR,0.9728384527872582,0.09264789533560865,,False,False,False,5766.0,5511.0,-4.422476586888657,Rückgang,False,True
Rwanda,RWA,2020,AFR,0.9617958893561571,0.08008055440383818,0.731508875739645,False,False,False,5511.0,5216.0,-5.352930502631102,Rückgang,False,True
Rwanda,RWA,2021,AFR,0.9025805161032207,0.05626125225045009,0.8435555555555555,False,False,False,5216.0,6986.0,33.9340490797546,Anstieg,False,True
Rwanda,RWA,2022,AFR,0.9818064871818433,0.21648442525039052,0.967741935483871,False,False,False,6986.0,9312.0,33.29516175207558,Anstieg,False,True
Rwanda,RWA,2023,AFR,0.9365158178465031,0.23932472691161866,0.9851807943094251,False,False,False,9312.0,8464.0,-9.106529209621993,Rückgang,False,True
Saudi Arabia,SAU,2019,EMR,0.9953905870936438,0.13985929160601648,1.0,False,False,True,2936.0,2448.0,-16.62125340599455,Rückgang,False,True
Saudi Arabia,SAU,2020,EMR,0.9880143333745212,0.19288273816878784,1.0,False,False,True,2448.0,2577.0,5.269607843137255,Anstieg,False,True
Saudi Arabia,SAU,2021,EMR,0.9876086956521739,0.12347826086956522,1.0,False,False,True,2577.0,2587.0,0.38804811796662786,Anstieg,False,True
Saudi Arabia,SAU,2022,EMR,0.9476925905497334,0.16629895201323772,1.0,False,False,True,2587.0,2538.0,-1.8940858136838035,Rückgang,False,True
Saudi Arabia,SAU,2023,EMR,0.9380715546285897,0.11695812610300016,0.9917695473251029,False,False,False,2538.0,2597.0,2.3246650906225375,Anstieg,False,True
Singapore,SGP,2019,WPR,0.9612472160356348,0.1866369710467706,0.8591885441527446,False,False,False,2090.0,2357.0,12.775119617224881,Anstieg,False,True
Singapore,SGP,2020,WPR,0.9794742527907814,0.15808426359380626,0.876993166287016,False,False,False,2357.0,2461.0,4.4123886296139165,Anstieg,False,True
Singapore,SGP,2021,WPR,0.9818625741192885,0.14370422043948378,0.8349514563106796,False,False,False,2461.0,2674.0,8.655018285249898,Anstieg,False,True
Singapore,SGP,2022,WPR,0.9398391045820217,0.12381951731374606,0.8305084745762712,False,False,False,2674.0,2113.0,-20.979805534779356,Rückgang,False,True
Singapore,SGP,2023,WPR,0.8813471502590674,0.10518134715025906,0.8423645320197044,False,False,False,2113.0,2238.0,5.915759583530526,Anstieg,False,True
Solomon Islands,SLB,2020,WPR,0.8352,,,False,False,False,321.0,370.0,15.264797507788161,Anstieg,False,False
Solomon Islands,SLB,2021,WPR,0.6661951909476662,,,False,False,False,370.0,342.0,-7.567567567567568,Rückgang,False,False
Solomon Islands,SLB,2022,WPR,0.8051181102362205,,,False,False,False,342.0,350.0,2.3391812865497075,Anstieg,False,False
Solomon Islands,SLB,2023,WPR,1.0,,,True,False,False,350.0,453.0,29.428571428571427,Anstieg,False,False
El Salvador,SLV,2022,AMR,0.9949703610562242,0.03209388659361715,,False,False,False,2531.0,4265.0,68.51047016989332,Anstieg,False,False
El Salvador,SLV,2023,AMR,1.0,0.06086847389558233,,True,False,False,4265.0,5796.0,35.8968347010551,Anstieg,False,False
Serbia,SRB,2022,EUR,0.7859922178988327,,,False,False,False,1074.0,1014.0,-5.58659217877095,Rückgang,False,False
Serbia,SRB,2023,EUR,0.7530201342281879,,,False,False,False,1014.0,443.0,-56.31163708086785,Rückgang,False,False
Sao Tome and Principe,STP,2021,AFR,0.0,0.11811023622047244,,True,False,False,82.0,123.0,50.0,Anstieg,False,False
Sao Tome and Principe,STP,2022,AFR,0.0,0.1368421052631579,1.0,True,False,True,123.0,105.0,-14.634146341463413,Rückgang,False,False
Sao Tome and Principe,STP,2023,AFR,0.5404255319148936,0.029787234042553193,1.0,False,False,True,105.0,129.0,22.857142857142858,Anstieg,False,False
Suriname,SUR,2019,AMR,0.9968051118210862,,,False,False,False,133.0,103.0,-22.55639097744361,Rückgang,False,False
Suriname,SUR,2020,AMR,0.972972972972973,0.20270270270270271,0.8,False,False,False,103.0,88.0,-14.563106796116504,Rückgang,False,False
Suriname,SUR,2021,AMR,0.958904109589041,0.0821917808219178,0.8333333333333334,False,False,False,88.0,124.0,40.909090909090914,Anstieg,False,False
Suriname,SUR,2022,AMR,0.997093023255814,0.20930232558139536,0.7361111111111112,False,False,False,124.0,120.0,-3.225806451612903,Rückgang,False,False
Slovakia,SVK,2019,EUR,0.024574669187145556,,,False,False,False,214.0,153.0,-28.504672897196258,Rückgang,False,False
Slovenia,SVN,2019,EUR,0.7850877192982456,0.15350877192982457,0.9142857142857143,False,False,False,98.0,75.0,-23.46938775510204,Rückgang,False,True
Slovenia,SVN,2020,EUR,0.3360655737704918,0.06830601092896176,0.88,False,False,False,75.0,79.0,5.333333333333334,Anstieg,False,True
Slovenia,SVN,2021,EUR,0.8427672955974843,0.16981132075471697,0.8888888888888888,False,False,False,79.0,72.0,-8.860759493670885,Rückgang,False,True
Slovenia,SVN,2022,EUR,0.9317803660565723,0.1447587354409318,0.9655172413793104,False,False,False,72.0,85.0,18.055555555555554,Anstieg,False,True
Slovenia,SVN,2023,EUR,0.8403361344537815,0.20168067226890757,1.0,False,False,True,85.0,46.0,-45.88235294117647,Rückgang,False,True
Eswatini,SWZ,2020,AFR,0.889795918367347,0.39591836734693875,,False,False,False,2143.0,1934.0,-9.752683154456369,Rückgang,False,False
Eswatini,SWZ,2021,AFR,0.85,0.06816239316239316,0.4827586206896552,False,False,False,1934.0,2374.0,22.750775594622542,Anstieg,False,False
Eswatini,SWZ,2022,AFR,0.9511606873681037,0.17063611697316852,0.9098939929328622,False,False,False,2374.0,2297.0,-3.243470935130581,Rückgang,False,False
Eswatini,SWZ,2023,AFR,0.8924568312632536,0.24962132687064525,0.9927184466019418,False,False,False,2297.0,2419.0,5.311275576839355,Anstieg,False,False
Sint Maarten (Dutch part),SXM,2023,AMR,1.0,0.0,,True,True,False,3.0,3.0,0.0,Unverändert,True,False
Seychelles,SYC,2019,AFR,1.0,0.07692307692307693,,True,False,False,14.0,9.0,-35.714285714285715,Rückgang,False,False
Seychelles,SYC,2020,AFR,0.0,0.13725490196078433,,True,False,False,9.0,11.0,22.22222222222222,Anstieg,True,False
Seychelles,SYC,2021,AFR,1.0,0.13725490196078433,,True,False,False,11.0,16.0,45.45454545454545,Anstieg,False,False
Seychelles,SYC,2022,AFR,0.0,0.0,,True,True,False,16.0,23.0,43.75,Anstieg,False,False
Seychelles,SYC,2023,AFR,1.0,0.13,,True,False,False,23.0,22.0,-4.3478260869565215,Rückgang,False,False
Syrian Arab Republic,SYR,2019,EMR,1.0,0.2519291874716296,,True,False,False,2589.0,2639.0,1.9312475859405174,Anstieg,False,True
Syrian Arab Republic,SYR,2020,EMR,1.0,0.23335621139327384,1.0,True,False,True,2639.0,3290.0,24.6684350132626,Anstieg,False,True
Syrian Arab Republic,SYR,2021,EMR,1.0,1.0,1.0,True,True,True,3290.0,3068.0,-6.7477203647416415,Rückgang,False,True
Syrian Arab Republic,SYR,2022,EMR,1.0,1.0,1.0,True,True,True,3068.0,3404.0,10.951760104302476,Anstieg,False,True
Syrian Arab Republic,SYR,2023,EMR,1.0,,,True,False,False,3404.0,3488.0,2.4676850763807283,Anstieg,False,True
Chad,TCD,2020,AFR,0.7881508078994613,0.6929982046678635,0.7590673575129534,False,False,False,12809.0,13643.0,6.511046920134281,Anstieg,False,False
Chad,TCD,2021,AFR,0.8220793140407289,0.707395498392283,0.806060606060606,False,False,False,13643.0,14725.0,7.930807007256469,Anstieg,False,False
Chad,TCD,2022,AFR,0.799248523886205,0.7112184648416533,0.9162264150943397,False,False,False,14725.0,15772.0,7.110356536502546,Anstieg,False,False
Chad,TCD,2023,AFR,1.0,0.7166600712307083,0.7901711761457758,True,False,False,15772.0,17082.0,8.305858483388283,Anstieg,False,False
Thailand,THA,2019,SEA,0.8999942553732776,0.08331350069345851,0.9000197005516154,False,False,False,87789.0,85837.0,-2.2235131964141295,Rückgang,False,True
Thailand,THA,2020,SEA,0.9000007940225979,0.09476659705735226,0.6999581064097193,False,False,False,85837.0,71488.0,-16.71656744760418,Rückgang,False,True
Thailand,THA,2021,SEA,0.8999950876848258,0.14489364837647983,0.9349742337944128,False,False,False,71488.0,72274.0,1.0994852282900627,Anstieg,False,True
Thailand,THA,2022,SEA,0.9,0.12141011443337024,0.8,False,False,False,72274.0,80209.0,10.979051941223677,Anstieg,False,True
Thailand,THA,2023,SEA,0.9097375620630256,0.03832877360083764,0.8301022206556221,False,False,False,80209.0,81703.0,1.8626338690171926,Anstieg,False,True
Turkmenistan,TKM,2019,EUR,1.0,0.6092837818596042,1.0,True,False,True,2117.0,1918.0,-9.40009447331129,Rückgang,False,True
Turkmenistan,TKM,2020,EUR,1.0,1.0,,True,True,False,1918.0,1878.0,-2.0855057351407713,Rückgang,False,True
Turkmenistan,TKM,2021,EUR,1.0,1.0,1.0,True,True,True,1878.0,2503.0,33.2800851970181,Anstieg,False,True
Turkmenistan,TKM,2022,EUR,1.0,0.5951468710089399,,True,False,False,2503.0,2273.0,-9.188973232121453,Rückgang,False,True
Turkmenistan,TKM,2023,EUR,1.0,0.6036682615629984,,True,False,False,2273.0,2259.0,-0.6159260888693356,Rückgang,False,True
Timor-Leste,TLS,2023,SEA,1.0,,,True,False,False,6027.0,4731.0,-21.50323544051767,Rückgang,False,False
Tonga,TON,2019,WPR,1.0,0.05825242718446602,1.0,True,False,True,10.0,8.0,-20.0,Rückgang,False,False
Tonga,TON,2020,WPR,1.0,,1.0,True,False,True,8.0,7.0,-12.5,Rückgang,True,False
Tonga,TON,2021,WPR,1.0,0.4777777777777778,0.16279069767441862,True,False,False,7.0,2.0,-71.42857142857143,Rückgang,True,False
Tonga,TON,2022,WPR,0.4375,0.4375,1.0,False,False,True,2.0,8.0,300.0,Anstieg,True,False
Trinidad and Tobago,TTO,2021,AMR,0.37894736842105264,0.3763157894736842,0.2517482517482518,False,False,False,171.0,243.0,42.10526315789473,Anstieg,False,False
Trinidad and Tobago,TTO,2022,AMR,0.4936708860759494,0.16455696202531644,0.2564102564102564,False,False,False,243.0,277.0,13.991769547325102,Anstieg,False,False
Trinidad and Tobago,TTO,2023,AMR,1.0,0.483695652173913,0.9775280898876404,True,False,False,277.0,301.0,8.664259927797833,Anstieg,False,False
Tunisia,TUN,2020,EMR,0.007719453021614468,0.022496691662990738,,False,False,False,2678.0,2637.0,-1.530993278566094,Rückgang,False,False
Tunisia,TUN,2021,EMR,0.8552734375,0.0177734375,,False,False,False,2637.0,3254.0,23.39780053090633,Anstieg,False,False
Tunisia,TUN,2022,EMR,1.0,0.0344973544973545,,True,False,False,3254.0,3114.0,-4.30239704978488,Rückgang,False,False
Türkiye,TUR,2019,EUR,0.8107248352647126,0.3362114670908127,0.6330254561838252,False,False,False,11247.0,8830.0,-21.490175157819863,Rückgang,False,True
Türkiye,TUR,2020,EUR,0.8062658125639232,0.3462884211659579,0.7034043214674336,False,False,False,8830.0,9047.0,2.4575311438278598,Anstieg,False,True
Türkiye,TUR,2021,EUR,0.7999256229081443,0.34802280897483573,0.622439893143366,False,False,False,9047.0,9723.0,7.472090195644965,Anstieg,False,True
Türkiye,TUR,2022,EUR,0.8372374353898603,0.3366325745078632,0.5498203201568115,False,False,False,9723.0,9408.0,-3.2397408207343417,Rückgang,False,True
Türkiye,TUR,2023,EUR,0.8533566182135703,0.376290513123427,0.5607425607425608,False,False,False,9408.0,8891.0,-5.495323129251701,Rückgang,False,True
United Republic of Tanzania,TZA,2021,AFR,0.8945737042413779,0.6316553537097344,,False,False,False,86701.0,100100.0,15.454262349915226,Anstieg,False,False
United Republic of Tanzania,TZA,2022,AFR,0.9265785396788625,0.2905874006399583,0.26332835077229694,False,False,False,100100.0,92368.0,-7.724275724275724,Rückgang,False,False
United Republic of Tanzania,TZA,2023,AFR,0.507827693504473,0.1303177265655387,0.15002564939607332,False,False,False,92368.0,75924.0,-17.8027022345401,Rückgang,False,False
Uganda,UGA,2020,AFR,0.7400552327620845,0.09545190731610871,0.8301483362287853,False,False,False,60887.0,74799.0,22.84888399822622,Anstieg,False,False
Uganda,UGA,2021,AFR,0.7964912547124324,0.08390692447579527,0.9149812225691145,False,False,False,74799.0,94457.0,26.281100014706077,Anstieg,False,False
Uganda,UGA,2022,AFR,0.8410901799975079,0.30995820070458435,0.9654932974695573,False,False,False,94457.0,86469.0,-8.456758101570026,Rückgang,False,False
Uganda,UGA,2023,AFR,0.879117933619527,0.29047094312007793,0.9676734239512538,False,False,False,86469.0,88861.0,2.7663093131642555,Anstieg,False,False
Ukraine,UKR,2019,EUR,1.0,0.7736208329980958,0.9278929487623934,True,False,False,25379.0,17533.0,-30.915323692816898,Rückgang,False,True
Ukraine,UKR,2020,EUR,0.95690642651183,0.6894181775091835,0.880371261601925,False,False,False,17533.0,18307.0,4.414532595676724,Anstieg,False,True
Ukraine,UKR,2021,EUR,0.9527122689211601,0.8441810606367056,0.7229862475442044,False,False,False,18307.0,18567.0,1.4202217730922597,Anstieg,False,True
Ukraine,UKR,2022,EUR,0.9192852275308548,0.5748466722192777,0.9500790305584826,False,False,False,18567.0,20058.0,8.030376474390048,Anstieg,False,True
Ukraine,UKR,2023,EUR,0.9639809829665312,0.5471805043921791,0.9382588181138155,False,False,False,20058.0,18311.0,-8.709741748928108,Rückgang,False,True
Uruguay,URY,2019,AMR,0.765678449258837,0.4977194982896237,,False,False,False,1057.0,968.0,-8.420056764427624,Rückgang,False,True
Uruguay,URY,2020,AMR,0.7104477611940299,0.4382089552238806,,False,False,False,968.0,951.0,-1.756198347107438,Rückgang,False,True
Uruguay,URY,2021,AMR,0.6784682080924855,0.4602601156069364,,False,False,False,951.0,1126.0,18.40168243953733,Anstieg,False,True
Uruguay,URY,2022,AMR,0.7747163695299838,0.4837925445705024,,False,False,False,1126.0,1240.0,10.124333925399645,Anstieg,False,True
Uruguay,URY,2023,AMR,0.8113846153846154,0.3163076923076923,0.6089494163424124,False,False,False,1240.0,1293.0,4.274193548387097,Anstieg,False,True
Uzbekistan,UZB,2019,EUR,1.0,1.0,,True,True,False,16272.0,12111.0,-25.571533923303836,Rückgang,False,False
Uzbekistan,UZB,2020,EUR,1.0,1.0,1.0,True,True,True,12111.0,13544.0,11.832218644207746,Anstieg,False,False
Venezuela (Bolivarian Republic of),VEN,2019,AMR,0.7078296951109507,0.05872271333213062,0.946236559139785,False,False,False,10293.0,9150.0,-11.104634217429322,Rückgang,False,True
Venezuela (Bolivarian Republic of),VEN,2020,AMR,0.6289820118581048,0.02266103909154859,0.8824833702882483,False,False,False,9150.0,9090.0,-0.6557377049180327,Rückgang,False,True
Venezuela (Bolivarian Republic of),VEN,2021,AMR,0.4974406513240095,0.024384345653137723,0.968595041322314,False,False,False,9090.0,9865.0,8.525852585258525,Anstieg,False,True
Venezuela (Bolivarian Republic of),VEN,2022,AMR,0.8521554341226473,0.10860655737704918,0.980083857442348,False,False,False,9865.0,10165.0,3.0410542321338063,Anstieg,False,True
Venezuela (Bolivarian Republic of),VEN,2023,AMR,0.6336554905938034,0.09274947301435787,0.9845626072041166,False,False,False,10165.0,10787.0,6.119035907525824,Anstieg,False,True
Vanuatu,VUT,2019,WPR,1.0,0.6973684210526315,1.0,True,False,True,93.0,83.0,-10.75268817204301,Rückgang,False,False
Samoa,WSM,2019,WPR,0.0759493670886076,0.0759493670886076,0.8333333333333334,False,False,False,18.0,13.0,-27.77777777777778,Rückgang,False,False
Samoa,WSM,2020,WPR,0.002304147465437788,0.08064516129032258,0.8571428571428571,False,False,False,13.0,13.0,0.0,Unverändert,False,False
Samoa,WSM,2021,WPR,0.0,0.0,,True,True,False,13.0,9.0,-30.76923076923077,Rückgang,False,False
Samoa,WSM,2022,WPR,1.0,0.22608695652173913,,True,False,False,9.0,13.0,44.44444444444444,Anstieg,True,False
Samoa,WSM,2023,WPR,0.34210526315789475,0.34210526315789475,,False,False,False,13.0,12.0,-7.6923076923076925,Rückgang,False,False
Zambia,ZMB,2019,AFR,1.0,0.16666666666666666,0.8698863636363636,True,False,False,36150.0,40000.0,10.650069156293222,Anstieg,False,True
Zambia,ZMB,2020,AFR,1.0,0.11845102505694761,0.8753605769230769,True,False,False,40000.0,50075.0,25.1875,Anstieg,False,True
Zambia,ZMB,2021,AFR,1.0,0.09475467018842056,0.9549952122566231,True,False,False,50075.0,54127.0,8.091862206689965,Anstieg,False,True
Zambia,ZMB,2022,AFR,0.7628625266262494,0.5354579714894314,0.9639982863612717,False,False,False,54127.0,54346.0,0.4046039869196519,Anstieg,False,True
Zambia,ZMB,2023,AFR,0.5271991522711594,0.4316305267724431,,False,False,False,54346.0,47006.0,-13.506053803407795,Rückgang,False,True
Zimbabwe,ZWE,2019,AFR,0.9659231722428748,0.10788930194134655,,False,False,False,21008.0,15728.0,-25.133282559025133,Rückgang,False,False
Zimbabwe,ZWE,2020,AFR,0.5676759732599292,0.04739808624983615,0.6609513274336283,False,False,False,15728.0,16310.0,3.700406917599186,Anstieg,False,False
Zimbabwe,ZWE,2021,AFR,0.9244577934551043,0.08601962770230154,,False,False,False,16310.0,18222.0,11.722869405272839,Anstieg,False,False
