country,iso3,year,g_whoregion,contact_screening_rate,tpt_start_rate,tpt_completion_rate,contact_screening_rate_edge_flag,tpt_start_rate_edge_flag,tpt_completion_rate_edge_flag,rr_rate_new_next_year,mdr_rate_new_next_year
Afghanistan,AFG,2019,EMR,0.9001741149158444,0.7545285151357791,0.8706125258086718,False,False,False,0.027303754266211604,0.18650088809946713
Afghanistan,AFG,2021,EMR,0.8684330484330485,0.7225071225071225,0.95,False,False,False,0.052821242294926504,0.13440860215053763
Afghanistan,AFG,2022,EMR,0.11381794689368105,0.08791082979645576,0.92,False,False,False,0.02120819538409865,0.013836136733586543
Afghanistan,AFG,2023,EMR,0.21764990050214286,0.13926597616483405,0.8949177354167329,False,False,False,0.015022496560443238,0.7163120567375887
Albania,ALB,2020,EUR,0.5714285714285714,0.8095238095238095,0.6470588235294118,False,False,False,0.032467532467532464,0.010101010101010102
Albania,ALB,2021,EUR,0.43243243243243246,0.3783783783783784,0.8571428571428571,False,False,False,0.006211180124223602,0.0
Albania,ALB,2022,EUR,0.5666666666666667,0.7,0.9047619047619048,False,False,False,0.00641025641025641,0.0
Albania,ALB,2023,EUR,0.3111111111111111,0.7333333333333333,0.5757575757575758,False,False,False,0.014492753623188406,0.014492753623188406
Andorra,AND,2019,EUR,1.0,0.0,,True,True,False,0.0,0.0
Andorra,AND,2020,EUR,1.0,0.0,,True,True,False,0.0,0.0
Andorra,AND,2022,EUR,1.0,0.0,,True,True,False,0.0,0.0
United Arab Emirates,ARE,2019,EMR,0.99644128113879,0.042704626334519574,0.8333333333333334,False,False,False,0.0,0.0
United Arab Emirates,ARE,2020,EMR,0.9128205128205128,0.07179487179487179,0.8571428571428571,False,False,False,0.0,0.0
United Arab Emirates,ARE,2021,EMR,0.9792284866468842,0.0712166172106825,0.9166666666666666,False,False,False,0.05,0.07142857142857142
United Arab Emirates,ARE,2022,EMR,0.965625,0.078125,0.64,False,False,False,0.0,0.0
United Arab Emirates,ARE,2023,EMR,0.7417840375586855,0.046948356807511735,1.0,False,False,True,0.038461538461538464,0.0
Armenia,ARM,2019,EUR,0.9430011632415665,0.017836370686312525,,False,False,False,0.1414141414141414,0.14207650273224043
Armenia,ARM,2020,EUR,0.8913250714966635,0.0219256434699714,,False,False,False,0.21052631578947367,0.20095693779904306
Armenia,ARM,2021,EUR,0.9189453125,0.0166015625,,False,False,False,0.15450643776824036,0.14163090128755365
Armenia,ARM,2022,EUR,0.9133425034387895,0.027510316368638238,,False,False,False,0.16666666666666666,0.14444444444444443
Armenia,ARM,2023,EUR,0.9399293286219081,0.0353356890459364,,False,False,False,0.14492753623188406,0.13043478260869565
Australia,AUS,2019,WPR,0.8576576576576577,0.12612612612612611,,False,False,False,0.01904761904761905,0.013717421124828532
Australia,AUS,2020,WPR,0.9172461752433936,0.14186369958275383,,False,False,False,0.01507537688442211,0.011725293132328308
Australia,AUS,2021,WPR,0.46889400921658986,0.08928571428571429,,False,False,False,0.02861952861952862,0.021996615905245348
Australia,AUS,2022,WPR,0.6442105263157895,0.08947368421052632,,False,False,False,0.02773246329526917,0.024630541871921183
Australia,AUS,2023,WPR,0.6298507462686567,0.04776119402985075,0.4375,False,False,False,0.021897810218978103,0.017595307917888565
Azerbaijan,AZE,2019,EUR,1.0,0.9185363650052702,,True,False,False,0.11967871485943775,0.10499139414802065
Azerbaijan,AZE,2020,EUR,1.0,0.90008173273396,,True,False,False,0.12207239176721078,0.0801987224982257
Azerbaijan,AZE,2021,EUR,1.0,0.8862979777135782,,True,False,False,0.11909036505086774,0.06690997566909976
Azerbaijan,AZE,2022,EUR,0.9199848312476299,0.9199848312476299,0.9499175597691674,False,False,False,0.11669770328988206,0.06579764121663563
Azerbaijan,AZE,2023,EUR,0.9799668416689693,0.9271898314451505,0.4380867232901207,False,False,False,0.11686670878079596,0.07037747920665387
Benin,BEN,2019,AFR,1.0,0.9261965655827549,0.8587771203155818,True,False,False,0.014705882352941176,0.46153846153846156
Benin,BEN,2020,AFR,1.0,0.9014272970561998,0.9247897080653142,True,False,False,0.01095579901775595,0.47619047619047616
Benin,BEN,2021,AFR,1.0,0.9220231822971549,0.92,True,False,False,0.007641921397379912,0.5625
Benin,BEN,2022,AFR,1.0,0.9138202837624803,0.9286946520989074,True,False,False,0.007019596373208541,0.47619047619047616
Benin,BEN,2023,AFR,1.0,0.9199444701527071,0.9024144869215291,True,False,False,0.007523510971786834,0.2631578947368421
Burkina Faso,BFA,2020,AFR,0.4047449584816133,0.1879003558718861,0.9002525252525253,False,False,False,0.023668639053254437,0.9423076923076923
Burkina Faso,BFA,2021,AFR,0.630110159118727,0.399265605875153,0.8160637645616187,False,False,False,0.027790030877812087,0.09375
Burkina Faso,BFA,2022,AFR,1.0,0.4232320516267814,0.9783989834815756,True,False,False,0.017318159327065808,0.92
Bulgaria,BGR,2022,EUR,0.98854041013269,0.6737032569360676,,False,False,False,0.03139013452914798,0.026905829596412557
Bulgaria,BGR,2023,EUR,0.9447698744769875,,,False,False,False,0.01937984496124031,0.015625
Bahrain,BHR,2019,EMR,0.9432624113475178,0.11550151975683891,,False,False,False,0.0,0.0
Bahrain,BHR,2020,EMR,0.8869257950530035,0.17314487632508835,0.6938775510204082,False,False,False,0.008928571428571428,0.0
Bahrain,BHR,2021,EMR,1.0,0.19718309859154928,0.38392857142857145,True,False,False,0.0196078431372549,0.024390243902439025
Bahrain,BHR,2022,EMR,0.8310626702997275,0.08446866485013624,1.0,False,False,True,0.02040816326530612,0.010309278350515464
Bahrain,BHR,2023,EMR,0.8783269961977186,0.20912547528517111,1.0,False,False,True,0.012195121951219513,0.0
Bahamas,BHS,2019,AMR,0.29850746268656714,0.16169154228855723,0.38461538461538464,False,False,False,0.05,0.0
Bahamas,BHS,2021,AMR,0.9705882352941176,0.47058823529411764,1.0,False,False,True,0.0,0.0
Belarus,BLR,2019,EUR,1.0,0.00820251732428228,,True,False,False,0.39507389162561574,0.3586206896551724
Belarus,BLR,2020,EUR,1.0,0.0052451919074182,,True,False,False,0.37790697674418605,0.33042635658914726
Belarus,BLR,2021,EUR,1.0,0.0063907044299201165,,True,False,False,0.4147963424771405,0.4139650872817955
Belarus,BLR,2022,EUR,1.0,0.011233150274588119,,True,False,False,0.36257833482542523,0.3321396598030439
Belarus,BLR,2023,EUR,1.0,0.008099866590432629,,True,False,False,0.35942668136714445,0.26681367144432194
Belize,BLZ,2020,AMR,1.0,,,True,False,False,0.0,0.0
Bermuda,BMU,2020,AMR,1.0,0.0,,True,True,False,0.0,0.0
Bolivia (Plurinational State of),BOL,2019,AMR,0.9469657337169762,0.11241171854564479,0.8720186154741129,False,False,False,0.013957307060755337,0.0
Bolivia (Plurinational State of),BOL,2020,AMR,0.8317748356633645,0.1101749837977965,0.8831932773109243,False,False,False,0.01809242871189774,0.125
Bolivia (Plurinational State of),BOL,2021,AMR,0.8042598860728143,0.09716833154462148,0.8887000849617672,False,False,False,0.019014891179839632,0.04353562005277045
Bolivia (Plurinational State of),BOL,2022,AMR,0.7928707162047048,0.08996789201231899,0.8725418790968682,False,False,False,0.014625797417146414,0.008557647424926092
Bolivia (Plurinational State of),BOL,2023,AMR,0.9500056236643797,0.08216173658756046,0.7221081451060917,False,False,False,0.014683284958169712,0.004609868533378863
Brazil,BRA,2019,AMR,0.7026140014329628,0.05833082950054314,0.7428480862191933,False,False,False,0.023649048125812935,0.009595132225602621
Brazil,BRA,2020,AMR,0.7123457126508814,0.07628674967984524,0.7134081005786127,False,False,False,0.025525308686547767,0.011218118319398878
Brazil,BRA,2021,AMR,0.7066589666765776,0.09623653454703474,0.6970471154417444,False,False,False,0.02459508098380324,0.009540329575021683
Brazil,BRA,2022,AMR,0.707174955062912,0.11309666466946275,0.7161714714582138,False,False,False,0.022454364331484573,0.009188846641318124
Brazil,BRA,2023,AMR,0.6941940211473658,0.10791968335715724,0.7386792903935351,False,False,False,0.023320693391115928,0.009779419754427903
Brunei Darussalam,BRN,2019,WPR,1.0,0.04154302670623145,,True,False,False,0.0,0.0
Brunei Darussalam,BRN,2020,WPR,1.0,0.0013559322033898306,1.0,True,False,True,0.0,0.0
Brunei Darussalam,BRN,2021,WPR,1.0,1.0,,True,True,False,0.0,0.0
Brunei Darussalam,BRN,2022,WPR,1.0,0.08928571428571429,0.03333333333333333,True,False,False,0.0,0.0
Brunei Darussalam,BRN,2023,WPR,1.0,0.004576659038901602,,True,False,False,0.007575757575757576,0.007575757575757576
Bhutan,BTN,2019,SEA,1.0,0.06666666666666667,1.0,True,False,True,0.17050691244239632,0.11602209944751381
Bhutan,BTN,2020,SEA,1.0,0.09010339734121123,1.0,True,False,True,0.10501193317422435,0.09350649350649351
Bhutan,BTN,2022,SEA,0.8958755916159568,0.12778904665314403,0.8994708994708994,False,False,False,0.10129310344827586,0.09859154929577464
Bhutan,BTN,2023,SEA,1.0,0.045567112431896976,1.0,True,False,True,0.11847389558232932,0.08284023668639054
Botswana,BWA,2023,AFR,0.8702081051478642,0.947973713033954,,False,False,False,0.02321083172147002,0.45
Central African Republic,CAF,2021,AFR,1.0,0.977112676056338,0.9427027027027027,True,False,False,0.02554278416347382,0.0
Central African Republic,CAF,2023,AFR,1.0,0.915702479338843,0.9467509025270758,True,False,False,0.01393819855358317,0.011038701955047213
Switzerland,CHE,2020,EUR,1.0,0.19618528610354224,,True,False,False,0.022727272727272728,0.0228310502283105
Switzerland,CHE,2021,EUR,1.0,0.1544502617801047,,True,False,False,0.00980392156862745,0.00980392156862745
Switzerland,CHE,2022,EUR,1.0,0.12780898876404495,,True,False,False,0.03225806451612903,0.02040816326530612
Switzerland,CHE,2023,EUR,0.7761341222879684,0.1765285996055227,0.6983240223463687,False,False,False,0.01953125,0.01593625498007968
Chile,CHL,2019,AMR,0.8295424490875429,,,False,False,False,0.023178807947019868,0.01456953642384106
Chile,CHL,2020,AMR,0.8273609555804404,,,False,False,False,0.02144469525959368,0.012415349887133182
Chile,CHL,2021,AMR,0.8374358066229857,,,False,False,False,0.018069179143004648,0.005162622612287042
Chile,CHL,2022,AMR,0.839572192513369,,,False,False,False,0.022556390977443608,0.013157894736842105
Chile,CHL,2023,AMR,0.7860446137105549,,,False,False,False,0.01611459265890779,0.006714413607878245
China,CHN,2019,WPR,0.7844423111213574,,,False,False,False,0.037837859582359495,0.047841679707876894
China,CHN,2020,WPR,0.9968101558230482,,,False,False,False,0.04233723096637133,0.031699420224380694
China,CHN,2021,WPR,0.996073763953317,,,False,False,False,0.02879797677973662,0.02401428435879963
China,CHN,2022,WPR,0.7813916412290581,0.010451184277109418,0.5654041390082,False,False,False,0.03064927017350592,0.030651841862641218
China,CHN,2023,WPR,0.8115198926876088,0.008733008389562482,0.9841101694915254,False,False,False,0.03145683249851995,0.03394145409186733
Côte d'Ivoire,CIV,2019,AFR,1.0,0.41790623898484314,0.7736167341430499,True,False,False,0.09649805447470818,0.17232375979112272
Côte d'Ivoire,CIV,2020,AFR,0.17654900964956832,0.17045454545454544,0.8217877094972067,False,False,False,0.0296680009418413,0.3611111111111111
Côte d'Ivoire,CIV,2021,AFR,0.15291657698102765,0.17573260354847636,0.8325459317585302,False,False,False,0.030198621807863802,0.995
Cameroon,CMR,2022,AFR,1.0,,0.06135504507124164,True,False,False,0.017394665635871664,0.24175824175824176
Democratic Republic of the Congo,COD,2019,AFR,0.8023220066188039,0.6286597826283523,,False,False,False,0.04035834663828278,0.8034682080924855
Democratic Republic of the Congo,COD,2020,AFR,0.857762307546094,0.5349030602547045,,False,False,False,0.02285054414389194,0.8
Democratic Republic of the Congo,COD,2021,AFR,0.8919433583858355,0.6018576666734193,,False,False,False,0.026135402386022227,0.5743243243243243
Democratic Republic of the Congo,COD,2022,AFR,0.8837998175773977,0.6531859881349927,,False,False,False,0.024908789386401328,0.5013227513227513
Democratic Republic of the Congo,COD,2023,AFR,0.8880599318768845,0.9046790907313459,0.7436472006733853,False,False,False,0.020638830020810663,0.4742990654205608
Congo,COG,2022,AFR,0.0,1.0,,True,True,False,0.027260179434092476,0.022429261559696344
Congo,COG,2023,AFR,0.20915678524374176,0.11317523056653492,0.8084982537834692,False,False,False,0.02861466501582061,0.9038461538461539
Colombia,COL,2019,AMR,0.16919072408897304,0.1110269758637009,,False,False,False,0.015988372093023256,0.10989010989010989
Colombia,COL,2020,AMR,0.07013450452923414,0.10005489980785068,0.23251028806584362,False,False,False,0.010848755583918315,0.4117647058823529
Colombia,COL,2021,AMR,0.188738627981313,0.11266289648389476,0.8847664775207333,False,False,False,0.012224108658743633,0.006193594054149708
Colombia,COL,2022,AMR,0.15908146917462768,0.07405209754939773,0.8733974358974359,False,False,False,0.025071633237822348,0.009107654523127302
Colombia,COL,2023,AMR,0.12921957047203622,0.05112105131553358,0.8429347826086957,False,False,False,0.026092452148790177,0.013570127504553733
Cabo Verde,CPV,2019,AFR,1.0,0.3724137931034483,1.0,True,False,True,0.0,0.0
Cabo Verde,CPV,2020,AFR,1.0,0.43636363636363634,1.0,True,False,True,0.0,0.0
Cabo Verde,CPV,2021,AFR,1.0,0.7435897435897436,1.0,True,False,True,0.0,0.0
Costa Rica,CRI,2021,AMR,0.9931192660550459,0.2855504587155963,1.0,False,False,True,0.0,0.0
Costa Rica,CRI,2022,AMR,1.0,0.34175217048145223,,True,False,False,0.007853403141361256,0.0
Costa Rica,CRI,2023,AMR,0.8892900120336944,0.4645006016847172,1.0,False,False,True,0.0028089887640449437,0.0028089887640449437
Cuba,CUB,2019,AMR,1.0,0.2627378759975445,0.36253894080996885,True,False,False,0.010526315789473684,0.0
Cuba,CUB,2020,AMR,0.8860091474140964,0.07212384191392049,0.9560975609756097,False,False,False,0.007518796992481203,0.0
Cuba,CUB,2021,AMR,0.7998829724985371,0.17992978349912228,0.9560975609756097,False,False,False,0.009302325581395349,0.005847953216374269
Cuba,CUB,2022,AMR,1.0,0.182559324501383,0.6004784688995215,True,False,False,0.07246376811594203,0.0
Cuba,CUB,2023,AMR,0.9751865066493675,0.3358741485566007,0.5200386286817963,False,False,False,0.0066815144766146995,0.125
Dominican Republic,DOM,2019,AMR,0.5114247311827957,,,False,False,False,0.09733700642791551,0.16013071895424835
Dominican Republic,DOM,2020,AMR,0.41448140900195696,0.016634050880626222,,False,False,False,0.07250580046403712,0.1327683615819209
Dominican Republic,DOM,2021,AMR,0.568019093078759,,,False,False,False,0.06588973554459883,0.08955223880597014
Dominican Republic,DOM,2022,AMR,0.5469798657718121,0.034995206136145734,0.9178082191780822,False,False,False,0.05513784461152882,0.3967391304347826
Dominican Republic,DOM,2023,AMR,0.4449003516998828,0.01626611957796014,,False,False,False,0.04992012779552716,0.03362690152121697
Algeria,DZA,2022,AFR,0.1091,0.1091,1.0,False,False,True,0.21739130434782608,0.15217391304347827
Ecuador,ECU,2019,AMR,0.8860731840524304,0.06608410704533042,,False,False,False,0.032758620689655175,0.06209150326797386
Ecuador,ECU,2020,AMR,0.86002886002886,0.04383975812547241,,False,False,False,0.09691330004539264,0.09951456310679611
Ecuador,ECU,2021,AMR,0.9048251438689686,0.08056662239929172,,False,False,False,0.08426483233018056,0.09956521739130435
Ecuador,ECU,2022,AMR,0.9364607273218872,0.05718534541030147,,False,False,False,0.04226125137211855,0.30073349633251834
Ecuador,ECU,2023,AMR,0.7722745332825341,0.017580144777662874,,False,False,False,0.05322746654903691,0.2248062015503876
Egypt,EGY,2019,EMR,0.8502874834144184,0.05030959752321981,0.8615384615384616,False,False,False,0.007815275310834813,0.0021314387211367673
Egypt,EGY,2022,EMR,0.909302928219746,0.12788287121015807,0.7993920972644377,False,False,False,0.007828282828282828,0.0030303030303030303
Egypt,EGY,2023,EMR,0.729920650280627,0.05259338107218889,,False,False,False,0.013065064018813691,0.00339691664489156
Eritrea,ERI,2022,AFR,1.0,,0.9957716701902748,True,False,False,0.02207792207792208,0.36
Eritrea,ERI,2023,AFR,1.0,,0.9959286545172548,True,False,False,0.013223140495867768,0.0
Ethiopia,ETH,2019,AFR,0.8902705000855838,,,False,False,False,0.013312603245554368,0.33962264150943394
Ethiopia,ETH,2020,AFR,0.9308046511335725,0.055098720372894774,,False,False,False,0.022598870056497175,0.36666666666666664
Fiji,FJI,2022,WPR,1.0,0.9966777408637874,0.6466666666666666,True,False,False,0.013793103448275862,0.0
United Kingdom of Great Britain and Northern Ireland,GBR,2023,EUR,0.765123570638141,0.1066949465142014,0.8228176318063959,False,False,False,0.023472099202834367,0.020026702269692925
Ghana,GHA,2019,AFR,0.09341819675016132,0.0005279521323400012,1.0,False,False,True,0.02245508982035928,0.00062375249500998
Ghana,GHA,2020,AFR,0.910989678202793,0.01068609593199757,,False,False,False,0.02203469292076887,0.11702127659574468
Ghana,GHA,2021,AFR,0.9797316585783614,0.20678703968027404,,False,False,False,0.015801948907031866,0.002458080941093846
Ghana,GHA,2022,AFR,0.9198599198091661,0.4383596406638583,,False,False,False,0.015296367112810707,0.003135755258126195
Ghana,GHA,2023,AFR,0.9794937563280459,0.4086128923388458,0.43088410202193733,False,False,False,0.01279269843644797,0.002172610128858256
Guinea,GIN,2021,AFR,1.0,1.0,,True,True,False,0.03602371181030552,0.8297872340425532
Guinea,GIN,2022,AFR,1.0,1.0,,True,True,False,0.0468615649183147,0.5135135135135135
Guinea,GIN,2023,AFR,1.0,0.9998240675580577,,True,False,False,0.03497394325419803,0.42857142857142855
Gambia,GMB,2020,AFR,0.1454849498327759,0.42474916387959866,0.7244094488188977,False,False,False,0.002553191489361702,0.013824884792626729
Gambia,GMB,2023,AFR,1.0,0.13351656299725156,0.9479956663055255,True,False,False,0.010672358591248666,0.2
Guatemala,GTM,2021,AMR,0.30228667038482987,0.30228667038482987,,False,False,False,0.021431459765467044,0.00646987464617873
Guatemala,GTM,2022,AMR,0.8081415519833468,0.2524574997108824,,False,False,False,0.0186950146627566,0.006598240469208211
Guatemala,GTM,2023,AMR,0.8095614828209765,0.2363245931283906,0.5691056910569106,False,False,False,0.02942942942942943,0.013192612137203167
Guam,GUM,2019,WPR,0.30364372469635625,0.19838056680161945,0.5306122448979592,False,False,False,0.0,0.0
Guam,GUM,2020,WPR,0.64375,0.25625,0.5365853658536586,False,False,False,0.02857142857142857,0.02857142857142857
Guam,GUM,2021,WPR,0.7916666666666666,0.3819444444444444,0.6545454545454545,False,False,False,0.019230769230769232,0.019230769230769232
Guam,GUM,2022,WPR,0.6532258064516129,0.06182795698924731,0.6956521739130435,False,False,False,0.03225806451612903,0.03333333333333333
Guam,GUM,2023,WPR,0.15081967213114755,0.018032786885245903,1.0,False,False,True,0.0,0.0
"China, Hong Kong SAR",HKG,2019,WPR,0.8219354838709677,0.15483870967741936,0.8916666666666667,False,False,False,0.00665083135391924,0.004752851711026616
"China, Hong Kong SAR",HKG,2020,WPR,0.603157321720196,0.18671747414262385,0.8542274052478134,False,False,False,0.010087116001834021,0.007798165137614679
"China, Hong Kong SAR",HKG,2021,WPR,0.5733916302311055,0.19800124921923798,0.8170347003154574,False,False,False,0.011064278187565859,0.008961518186610437
"China, Hong Kong SAR",HKG,2022,WPR,0.5775553967119371,0.20729092208720515,0.8379310344827586,False,False,False,0.009004502251125562,0.005502751375687844
"China, Hong Kong SAR",HKG,2023,WPR,0.5672235481304694,0.16070007955449483,0.801980198019802,False,False,False,0.00631911532385466,0.004741833508956797
Honduras,HND,2019,AMR,0.5268287570739887,0.21201006078390275,,False,False,False,0.019955654101995565,0.0011086474501108647
Honduras,HND,2020,AMR,0.38286441396861304,0.22875724586455534,0.0,False,False,True,0.013043478260869565,0.001451378809869376
Honduras,HND,2022,AMR,0.37873340707964603,0.10674778761061947,,False,False,False,0.019543973941368076,0.006514657980456026
Honduras,HND,2023,AMR,0.5298376051653296,0.13627470162394834,,False,False,False,0.009544787077826725,0.025
Haiti,HTI,2020,AMR,1.0,0.14849531327084362,,True,False,False,0.049019607843137254,0.10984848484848485
Indonesia,IDN,2019,WPR,0.029479386288997596,0.002853969188266587,0.2795838751625488,False,False,False,0.0391431433068291,0.6233933161953727
Indonesia,IDN,2020,WPR,0.028802596751664154,0.0011906437863371004,0.5387840670859538,False,False,False,0.027776432243912227,0.5520054384772264
Indonesia,IDN,2021,WPR,0.9789280197268452,0.0015776609340329539,0.6935161382462154,False,False,False,0.03218751485760472,0.5686715985847539
Indonesia,IDN,2022,WPR,0.9925245951818792,0.028825505335133766,0.6657264531828991,False,False,False,0.020773450414310834,0.6089918256130791
Indonesia,IDN,2023,WPR,0.9882473212649608,0.0701148649300298,0.7266024759284732,False,False,False,0.017772888086295215,0.2750215084599943
India,IND,2019,SEA,0.7924773801752456,0.022153024839242502,0.07116449333430465,False,False,False,0.02592670991073735,0.018077174623937212
India,IND,2020,SEA,0.8524492351122137,0.04233149767722845,,False,False,False,0.04732038846492167,0.05379390712739279
India,IND,2021,SEA,0.760220854653506,0.10637958683660034,0.7023626103449083,False,False,False,0.04507560148350081,0.05480618370111754
India,IND,2022,SEA,0.9418253347762041,0.2420277617547088,0.8099988797394102,False,False,False,0.04184991530331286,0.03932504320130112
India,IND,2023,SEA,0.9413053038488058,0.2942607241553421,0.7666460635805089,False,False,False,0.036262419605729325,0.03239212325798534
Iran (Islamic Republic of),IRN,2019,EMR,0.9346065833480021,0.11868509065305403,0.8728216536892844,False,False,False,0.002883922134102379,0.001885014137606032
Iran (Islamic Republic of),IRN,2020,EMR,0.9419413155333055,0.1272423863162286,0.9158469945355191,False,False,False,0.010393873085339168,0.004411764705882353
Iran (Islamic Republic of),IRN,2021,EMR,0.9361020468703649,0.10756452091367547,0.8698290126861555,False,False,False,0.005447735784814436,0.011363636363636364
Iran (Islamic Republic of),IRN,2022,EMR,0.9149332061068702,0.1064885496183206,0.8378136200716846,False,False,False,0.007175807278318811,0.010269576379974325
Iran (Islamic Republic of),IRN,2023,EMR,0.9292984369320247,0.11673027989821882,0.8875048657065006,False,False,False,0.004461221688400824,0.011363636363636364
Iraq,IRQ,2019,EMR,0.5806228904571955,0.20796256520405032,0.7097012172630026,False,False,False,0.18518518518518517,0.07407407407407407
Iraq,IRQ,2020,EMR,0.5593697242543613,,,False,False,False,0.06957928802588997,0.043689320388349516
Iraq,IRQ,2021,EMR,0.635330752398586,0.1824608651742131,0.8514760147601476,False,False,False,0.02709744658676394,0.006253256904637832
Iraq,IRQ,2022,EMR,0.6142227361422273,0.5556117655561177,0.9154526534859522,False,False,False,0.03553756185335133,0.007647323436797121
Iraq,IRQ,2023,EMR,0.6926248638556092,0.6220631709973549,0.830040020010005,False,False,False,0.011647254575707155,0.003882418191902385
Jordan,JOR,2023,EMR,0.8076923076923077,0.14358974358974358,0.8928571428571429,False,False,False,0.012987012987012988,0.0
Kazakhstan,KAZ,2019,EUR,1.0,0.024126944848278636,,True,False,False,0.3618773157678057,0.2758336764100453
Kazakhstan,KAZ,2020,EUR,1.0,0.1252202601882053,1.0,True,False,True,0.37727006444053895,0.29349736379613356
Kazakhstan,KAZ,2021,EUR,1.0,0.16619559072922555,1.0,True,False,True,0.33486550902281237,0.2730677562138236
Kazakhstan,KAZ,2022,EUR,1.0,0.17615849563465413,,True,False,False,0.3117475373951113,0.27289310470631156
Kazakhstan,KAZ,2023,EUR,1.0,0.1708451089433859,0.9099964425471363,True,False,False,0.29865453856357776,0.25677468258480196
Kenya,KEN,2019,AFR,1.0,0.9610165593376265,0.7633121933708269,True,False,False,0.008696713557718715,0.011494252873563218
Kenya,KEN,2020,AFR,0.10328460224036454,0.8311182836529334,0.7497430039977155,False,False,False,0.010913337628865979,0.08050847457627118
Kenya,KEN,2021,AFR,0.8467157083868281,0.06450605503313786,0.8168370091447015,False,False,False,0.005781073268819907,0.0
Kenya,KEN,2022,AFR,1.0,0.2903555646444798,0.895578147966683,True,False,False,0.008138084924853973,0.08604651162790698
Kenya,KEN,2023,AFR,0.99828992022566,0.3821587553439993,0.8925128015869355,False,False,False,0.006793551517765677,0.37209302325581395
Kyrgyzstan,KGZ,2019,EUR,1.0,0.048442556634304204,,True,False,False,0.2831705916140149,0.22458357265939116
Kyrgyzstan,KGZ,2020,EUR,1.0,0.038328861632809505,,True,False,False,0.2587991718426501,0.25605095541401274
Kyrgyzstan,KGZ,2021,EUR,1.0,0.03979261179520415,0.6156351791530945,True,False,False,0.23279158699808794,0.1959847036328872
Kyrgyzstan,KGZ,2022,EUR,0.9738939269029954,0.06856279197581754,0.9018036072144289,False,False,False,0.20916905444126074,0.14955577492596248
Kyrgyzstan,KGZ,2023,EUR,0.9748410658731232,0.061003652103341,0.9290465631929047,False,False,False,0.19554695062923524,0.17037754114230397
Republic of Korea,KOR,2019,WPR,0.8082258934261484,0.1331928035688024,0.7007729112992271,False,False,False,0.03135329115119464,0.020020776277268865
Republic of Korea,KOR,2020,WPR,0.833202291362462,0.15230821071548917,0.7216076696165191,False,False,False,0.03005170185264972,0.01971133132270573
Republic of Korea,KOR,2021,WPR,0.8200498132004981,0.15950601909506018,0.8197787898503578,False,False,False,0.02796194868838282,0.01835303161333718
Republic of Korea,KOR,2022,WPR,0.7745813653928725,0.15193522664540268,0.8566814695195801,False,False,False,0.02643256801080455,0.013639001741149159
Republic of Korea,KOR,2023,WPR,0.7745313854979654,0.16396504569408313,0.8641171684296176,False,False,False,0.02584327970939284,0.016813700051894136
Kuwait,KWT,2019,EMR,1.0,0.9974763406940063,0.9955724225173941,True,False,False,0.023411371237458192,0.020066889632107024
Kuwait,KWT,2020,EMR,1.0,0.9989451476793249,,True,False,False,0.012468827930174564,0.012658227848101266
Kuwait,KWT,2021,EMR,1.0,,,True,False,False,0.020242914979757085,0.016194331983805668
Kuwait,KWT,2022,EMR,1.0,0.27435530085959886,,True,False,False,0.03211009174311927,0.03211009174311927
Kuwait,KWT,2023,EMR,1.0,0.2733707590920185,,True,False,False,0.015151515151515152,0.015151515151515152
Lebanon,LBN,2019,EMR,0.8690404345202173,0.2637296318648159,,False,False,False,0.0061162079510703364,0.043478260869565216
Lebanon,LBN,2020,EMR,0.9307036247334755,0.31449893390191896,,False,False,False,0.013157894736842105,0.008771929824561403
Lebanon,LBN,2021,EMR,0.9270718232044199,0.3005524861878453,,False,False,False,0.012195121951219513,0.014705882352941176
Lebanon,LBN,2022,EMR,0.8133333333333334,0.19076923076923077,,False,False,False,0.006622516556291391,0.0
Lebanon,LBN,2023,EMR,0.8350903614457831,0.19954819277108435,,False,False,False,0.010676156583629894,0.0071174377224199285
Libya,LBY,2020,EMR,0.0,1.0,,True,True,False,0.009259259259259259,0.5
Sri Lanka,LKA,2021,SEA,0.5866351596416992,0.040281365060174754,1.0,False,False,True,0.010869565217391304,0.002173913043478261
Sri Lanka,LKA,2022,SEA,0.6790484140233722,0.08879382303839733,1.0,False,False,True,0.000736105999263894,0.001375515818431912
Sri Lanka,LKA,2023,SEA,0.6669695592912313,0.12020510157720517,0.8612311015118791,False,False,False,0.0017985611510791368,0.0009242144177449168
Lesotho,LSO,2019,AFR,0.6822233606557377,0.020543032786885247,0.5461346633416458,False,False,False,0.04934359438660027,0.027522935779816515
Lesotho,LSO,2020,AFR,0.72544080604534,0.13543886843634956,0.6838340486409156,False,False,False,0.023255813953488372,0.0
Lesotho,LSO,2021,AFR,0.8146453089244852,0.22384023299355107,0.7574349442379182,False,False,False,0.030589123867069485,0.0033987915407854984
Lesotho,LSO,2023,AFR,0.9099868593955321,0.5514673674989049,0.8415409054805401,False,False,False,0.027649769585253458,0.00041893590280687055
"China, Macao SAR",MAC,2019,WPR,0.6757457846952011,0.0648508430609598,,False,False,False,0.019138755980861243,0.014354066985645933
"China, Macao SAR",MAC,2020,WPR,0.28939393939393937,0.10454545454545454,,False,False,False,0.015544041450777202,0.0
"China, Macao SAR",MAC,2021,WPR,0.7457627118644068,0.08851224105461393,,False,False,False,0.03260869565217391,0.016304347826086956
"China, Macao SAR",MAC,2022,WPR,0.6956521739130435,0.09145427286356822,,False,False,False,0.023474178403755867,0.02
"China, Macao SAR",MAC,2023,WPR,0.725314183123878,0.1310592459605027,,False,False,False,0.03076923076923077,0.020512820512820513
Morocco,MAR,2020,EMR,0.546314205888674,0.03141342503044631,,False,False,False,0.01402386517406815,0.7203389830508474
Morocco,MAR,2021,EMR,0.19145269688092367,0.11528519731173531,0.57847533632287,False,False,False,0.012713496853730577,0.1813031161473088
Morocco,MAR,2022,EMR,0.6305084745762712,0.05353451839603142,0.7837837837837838,False,False,False,0.012363636363636363,0.5625
Republic of Moldova,MDA,2019,EUR,0.9304582519811646,0.08102676007809809,,False,False,False,0.25952380952380955,0.251896813353566
Republic of Moldova,MDA,2020,EUR,0.899857108835437,0.06549178375803763,0.8018181818181818,False,False,False,0.25832492431886983,0.27729257641921395
Republic of Moldova,MDA,2021,EUR,0.8779456193353474,0.11102719033232629,0.745578231292517,False,False,False,0.21715328467153286,0.20085470085470086
Republic of Moldova,MDA,2022,EUR,0.8695441319107663,0.14730843840931135,0.8930041152263375,False,False,False,0.24280575539568344,0.24439701173959444
Republic of Moldova,MDA,2023,EUR,0.9569815121214301,0.1197036184447162,0.8996394230769231,False,False,False,0.2777777777777778,0.2782846715328467
Madagascar,MDG,2020,AFR,0.043706293706293704,,,False,False,False,0.005311443746982134,0.0
Madagascar,MDG,2021,AFR,0.27930651530108586,0.5543558736426456,,False,False,False,0.018034825870646767,0.055793991416309016
Mexico,MEX,2019,AMR,0.8064668508939749,0.05316611162285363,0.28698356286095067,False,False,False,0.0654945054945055,0.23160762942779292
Mexico,MEX,2020,AMR,0.8294020432692307,0.046011117788461536,0.30122448979591837,False,False,False,0.04994054696789536,0.2037037037037037
Mexico,MEX,2021,AMR,0.8859869657545949,0.036368961898020455,0.4053691275167785,False,False,False,0.06938559322033898,0.15613382899628253
Mexico,MEX,2022,AMR,0.8528404035815019,0.03799193594184792,0.46088689586447434,False,False,False,0.03891760413499544,0.18672199170124482
Mexico,MEX,2023,AMR,0.8367402356419811,0.03715660687615973,0.758830694275274,False,False,False,0.0385470719051149,0.1783166904422254
Marshall Islands,MHL,2019,WPR,0.8842504743833017,0.14990512333965844,0.9240506329113924,False,False,False,0.0,0.0
Marshall Islands,MHL,2020,WPR,0.9659367396593674,0.9659367396593674,0.8564231738035264,False,False,False,0.0,0.0
Marshall Islands,MHL,2022,WPR,0.8188976377952756,0.17716535433070865,0.6666666666666666,False,False,False,0.0,0.0
North Macedonia,MKD,2019,EUR,0.8201058201058201,0.3386243386243386,,False,False,False,0.012345679012345678,0.0
North Macedonia,MKD,2020,EUR,0.8507462686567164,0.3582089552238806,0.625,False,False,False,0.01,0.0
North Macedonia,MKD,2023,EUR,1.0,0.5454545454545454,0.8518518518518519,True,False,False,0.0,0.0
Mali,MLI,2020,AFR,0.05255023183925812,0.5834621329211747,,False,False,False,0.01620745542949757,0.75
Mali,MLI,2021,AFR,0.06131767775603392,0.6881930854533594,,False,False,False,0.015732924021488872,0.5
Malta,MLT,2022,EUR,1.0,0.13836477987421383,,True,False,False,0.0,0.0
Myanmar,MMR,2021,SEA,0.5687666370896185,0.0120452528837622,0.9705340699815838,False,False,False,0.03902768003753226,0.25
Myanmar,MMR,2022,SEA,0.5196959225984796,0.02682067989600816,0.8797546012269939,False,False,False,0.03418505709949494,0.28289473684210525
Myanmar,MMR,2023,SEA,0.3761285268470597,0.07746542180898199,0.9273872679045093,False,False,False,0.03294296867561649,0.25787965616045844
Montenegro,MNE,2020,EUR,0.14545454545454545,,,False,False,False,0.0,0.0
Montenegro,MNE,2021,EUR,0.20588235294117646,,,False,False,False,0.0,0.0
Montenegro,MNE,2022,EUR,0.6328125,,,False,False,False,0.0,0.0
Montenegro,MNE,2023,EUR,0.3130434782608696,,,False,False,False,0.0,0.0
Mongolia,MNG,2019,WPR,0.8570378537302462,0.059353178978316795,,False,False,False,0.05583126550868486,0.060550458715596334
Mongolia,MNG,2020,WPR,0.8597449908925319,0.030965391621129327,,False,False,False,0.0759493670886076,0.25
Mongolia,MNG,2021,WPR,0.8124826629680999,0.0377253814147018,1.0,False,False,True,0.07008289374529013,0.014318010550113038
Mongolia,MNG,2022,WPR,0.8796163069544365,0.09720223820943245,0.9851973684210527,False,False,False,0.049247606019151846,0.005471956224350205
Mongolia,MNG,2023,WPR,0.8829325975561687,0.12179739850216792,0.970873786407767,False,False,False,0.048091603053435114,0.0446927374301676
Northern Mariana Islands,MNP,2019,WPR,0.6123076923076923,0.009230769230769232,0.0,False,False,True,0.08333333333333333,0.08333333333333333
Northern Mariana Islands,MNP,2020,WPR,0.5948275862068966,,,False,False,False,0.0,0.0
Northern Mariana Islands,MNP,2021,WPR,0.1411764705882353,0.1411764705882353,1.0,False,False,True,0.07142857142857142,0.07142857142857142
Northern Mariana Islands,MNP,2022,WPR,0.7160493827160493,0.2345679012345679,0.3157894736842105,False,False,False,0.0,0.0
Northern Mariana Islands,MNP,2023,WPR,0.5555555555555556,0.08888888888888889,0.55,False,False,False,0.0,0.0
Mauritius,MUS,2022,AFR,1.0,0.32531645569620254,0.7509727626459144,True,False,False,0.0,0.0
Mauritius,MUS,2023,AFR,1.0,0.3,0.8205128205128205,True,False,False,0.0,0.0
Malawi,MWI,2023,AFR,0.9344776065012208,0.08906380962792901,0.943126022913257,False,False,False,0.01932367149758454,0.01752988047808765
Malaysia,MYS,2019,WPR,0.6672575522564443,0.06022108969150848,0.7694194603434178,False,False,False,0.009004647560030984,0.00435708752904725
Malaysia,MYS,2020,WPR,0.7464060048344006,0.15270768839319793,0.8422660372118855,False,False,False,0.009104849530381445,0.004286410131514856
Malaysia,MYS,2021,WPR,0.7218881050681057,0.15126296284256038,0.594455190199871,False,False,False,0.008946408407886736,0.004604691572545613
Malaysia,MYS,2022,WPR,0.4542577853600149,0.048600458144446204,0.7985845718329795,False,False,False,0.007190505068006584,0.002166002425922717
Malaysia,MYS,2023,WPR,0.7098307021188202,0.08441524719567926,0.7389521172972419,False,False,False,0.011114277571957822,0.005034672746271492
Namibia,NAM,2019,AFR,0.8624823695345557,0.08339210155148095,0.8821353065539113,False,False,False,0.041379310344827586,0.7878787878787878
Namibia,NAM,2020,AFR,0.825462291515591,0.08552393038433648,0.8881822999470058,False,False,False,0.04160512063023141,0.8742138364779874
Namibia,NAM,2023,AFR,0.8150212598706542,0.17043627398434988,0.740041928721174,False,False,False,0.036125446605795954,0.13008130081300814
Niger,NER,2021,AFR,0.904441117764471,0.904441117764471,,False,False,False,0.032671081677704196,0.7142857142857143
Niger,NER,2022,AFR,0.8789452656811826,0.8789452656811826,,False,False,False,0.026626475759859332,0.6666666666666666
Niger,NER,2023,AFR,0.8708449916060437,0.8714045886961388,,False,False,False,0.009980341751096326,0.5625
Nigeria,NGA,2019,AFR,0.8828178694158075,0.5296023564064801,0.8153503893214683,False,False,False,0.029600695768931477,0.005706525885350707
Nigeria,NGA,2020,AFR,0.8922820154269475,0.4389011682980739,0.8242548818088387,False,False,False,0.02463431445128022,0.0028250750942400804
Nigeria,NGA,2021,AFR,0.8084413080364029,0.16887436372049977,0.8423245989610093,False,False,False,0.020737656287767255,0.003187321056651884
Nigeria,NGA,2022,AFR,0.9418394323083344,0.3048941853073496,0.9395463290233099,False,False,False,0.0140607424071991,0.0009161667262710809
Nigeria,NGA,2023,AFR,0.9424941106813973,0.4668009347324927,0.9204968273619372,False,False,False,0.013954086303413726,0.001831095111755241
Nicaragua,NIC,2019,AMR,0.9356804333107651,0.5362220717670955,1.0,False,False,True,0.014263074484944533,0.000792393026941363
Nicaragua,NIC,2022,AMR,1.0,0.8401869158878504,0.899888765294772,True,False,False,0.05429864253393665,0.030165912518853696
Nepal,NPL,2019,SEA,0.6215251487290427,0.03703932627675191,0.8548185231539425,False,False,False,0.044253226797787336,0.03305785123966942
Nepal,NPL,2020,SEA,0.25500464006363516,0.03306045340050378,,False,False,False,0.03843884346286774,0.009615384615384616
Nepal,NPL,2021,SEA,0.3218901910540001,0.03971812940422806,,False,False,False,0.05076044407367002,0.05818965517241379
Nepal,NPL,2022,SEA,0.2805343941156603,0.023702480579427327,0.8587713742875237,False,False,False,0.039742071325174363,0.045346062052505964
Nepal,NPL,2023,SEA,0.2839129080551006,0.036753845690114244,0.967741935483871,False,False,False,0.04667688449212763,0.01837270341207349
Oman,OMN,2019,EMR,0.952116935483871,0.1658266129032258,0.668693009118541,False,False,False,0.009174311926605505,0.0045871559633027525
Oman,OMN,2020,EMR,0.9641401792991035,0.22901385493072535,0.6192170818505338,False,False,False,0.0,0.0
Oman,OMN,2021,EMR,0.930421909696521,0.17172464840858623,0.6767241379310345,False,False,False,0.013513513513513514,0.013513513513513514
Oman,OMN,2022,EMR,0.9444985394352483,0.1382667964946446,0.7429577464788732,False,False,False,0.011976047904191617,0.009009009009009009
Oman,OMN,2023,EMR,0.9062389848431441,0.1547409235107508,0.6856492027334852,False,False,False,0.011428571428571429,0.011029411764705883
Pakistan,PAK,2020,EMR,0.29439919482601157,0.016092296796078504,,False,False,False,0.03307286731838905,0.43612453032742887
Pakistan,PAK,2021,EMR,0.36259387557156714,0.00713454343910212,,False,False,False,0.03318281448276999,0.39135690540948925
Pakistan,PAK,2022,EMR,0.482365776435589,0.012174177112681997,,False,False,False,0.027685222809156168,0.3932610200784676
Pakistan,PAK,2023,EMR,0.754419829735196,0.06313908094633366,0.532657926102503,False,False,False,0.025294261559790143,0.2586394557823129
Panama,PAN,2021,AMR,0.653558052434457,0.09850187265917602,,False,False,False,0.044142614601018676,0.008547008547008548
Panama,PAN,2022,AMR,0.6388294075660242,0.09635974304068523,,False,False,False,0.07,0.011428571428571429
Panama,PAN,2023,AMR,0.6923617208077261,0.06093064091308165,,False,False,False,0.018433179723502304,0.0
Peru,PER,2019,AMR,0.8878630985798349,0.10885160002495166,0.19598853868194843,False,False,False,0.11009078576646145,0.08671605968903266
Peru,PER,2020,AMR,0.32871267933307485,0.0991663435440093,0.4095796676441838,False,False,False,0.040734408682078345,0.027234524001939552
Peru,PER,2021,AMR,0.8345058093267548,0.07381823969441349,0.39197930142302717,False,False,False,0.0804476522585354,0.05295596464195929
Peru,PER,2022,AMR,0.8310518008322572,0.07091404792653179,0.5690004046944557,False,False,False,0.08508081475695488,0.05403195370486854
Peru,PER,2023,AMR,0.8364709061430373,0.07566204287515763,0.5842261904761905,False,False,False,0.06289513843470677,0.06272401433691756
Palau,PLW,2019,WPR,0.675,0.25,1.0,False,False,True,0.0,0.0
Palau,PLW,2020,WPR,0.9487179487179487,0.23076923076923078,1.0,False,False,True,0.0,0.0
Palau,PLW,2021,WPR,0.7307692307692307,0.11538461538461539,1.0,False,False,True,0.0,0.0
Palau,PLW,2022,WPR,0.6071428571428571,0.25,1.0,False,False,True,0.0,0.0
Palau,PLW,2023,WPR,0.8588235294117647,0.3176470588235294,1.0,False,False,True,0.0,0.0
Puerto Rico,PRI,2019,AMR,0.5632183908045977,0.13793103448275862,0.6666666666666666,False,False,False,0.09090909090909091,0.09090909090909091
Puerto Rico,PRI,2020,AMR,0.743421052631579,0.125,0.8947368421052632,False,False,False,0.0,0.0
Puerto Rico,PRI,2021,AMR,0.4573643410852713,0.046511627906976744,0.6666666666666666,False,False,False,0.0,0.0
Puerto Rico,PRI,2022,AMR,0.4142857142857143,0.07142857142857142,0.8,False,False,False,0.0,0.0
Portugal,PRT,2019,EUR,0.720676866017617,0.47009735744089015,0.8155818540433925,False,False,False,0.009111617312072893,0.00683371298405467
Portugal,PRT,2020,EUR,0.7058545797922569,0.6458923512747875,0.8662280701754386,False,False,False,0.01037344398340249,0.008298755186721992
Portugal,PRT,2021,EUR,0.7224092779648336,0.4276094276094276,0.7917760279965005,False,False,False,0.01646090534979424,0.01440329218106996
Portugal,PRT,2022,EUR,0.8010321100917431,0.6743119266055045,0.7738095238095238,False,False,False,0.023752969121140142,0.023752969121140142
Portugal,PRT,2023,EUR,0.6366622864651774,0.5220105124835742,0.7646318439269981,False,False,False,0.05128205128205128,0.04487179487179487
Paraguay,PRY,2019,AMR,0.5719539102721255,0.05442510419220397,0.8423423423423423,False,False,False,0.00390625,0.0
Paraguay,PRY,2020,AMR,0.9697616506581288,0.060832443970117396,,False,False,False,0.005491153142159854,0.0006101281269066504
Paraguay,PRY,2021,AMR,0.9978001257071024,0.13104965430546825,,False,False,False,0.0023054755043227667,0.0
Paraguay,PRY,2022,AMR,0.9341954022988506,0.14195402298850573,,False,False,False,0.005216484089723527,0.0005216484089723526
Paraguay,PRY,2023,AMR,1.0,0.17082079931241942,0.09433962264150944,True,False,False,0.0021333333333333334,0.0005333333333333334
"occupied Palestinian territory, including east Jerusalem",PSE,2019,EMR,1.0,1.0,0.09411764705882353,True,True,False,0.0,0.0
Qatar,QAT,2019,EMR,1.0,0.14624314737181554,,True,False,False,0.02406417112299465,0.0213903743315508
Qatar,QAT,2020,EMR,1.0,0.1510989010989011,,True,False,False,0.012165450121654502,0.012165450121654502
Qatar,QAT,2021,EMR,1.0,0.13437312537492502,,True,False,False,0.032520325203252036,0.02981029810298103
Romania,ROU,2019,EUR,1.0,0.9699819168173599,1.0,True,False,True,0.023552230534774177,0.01809073197884776
Romania,ROU,2020,EUR,1.0,0.9699539170506912,0.9800456100342075,True,False,False,0.026339899221255153,0.019702066314271984
Saudi Arabia,SAU,2019,EMR,0.9953905870936438,0.13985929160601648,1.0,False,False,True,0.03220338983050847,0.015180265654648957
Saudi Arabia,SAU,2020,EMR,0.9880143333745212,0.19288273816878784,1.0,False,False,True,0.011844331641285956,0.009615384615384616
Saudi Arabia,SAU,2021,EMR,0.9876086956521739,0.12347826086956522,1.0,False,False,True,0.015161086544535692,0.010540184453227932
Saudi Arabia,SAU,2022,EMR,0.9476925905497334,0.16629895201323772,1.0,False,False,True,0.00824014125956445,0.0011771630370806356
Saudi Arabia,SAU,2023,EMR,0.9380715546285897,0.11695812610300016,0.9917695473251029,False,False,False,0.011554015020219527,0.006932409012131715
Singapore,SGP,2019,WPR,0.9612472160356348,0.1866369710467706,0.8591885441527446,False,False,False,0.01125703564727955,0.008442776735459663
Singapore,SGP,2020,WPR,0.9794742527907814,0.15808426359380626,0.876993166287016,False,False,False,0.016175071360608945,0.015223596574690771
Singapore,SGP,2021,WPR,0.9818625741192885,0.14370422043948378,0.8349514563106796,False,False,False,0.022151898734177215,0.0200845665961945
Singapore,SGP,2022,WPR,0.9398391045820217,0.12381951731374606,0.8305084745762712,False,False,False,0.015555555555555555,0.012222222222222223
Singapore,SGP,2023,WPR,0.8813471502590674,0.10518134715025906,0.8423645320197044,False,False,False,0.01834862385321101,0.014271151885830785
El Salvador,SLV,2022,AMR,0.9949703610562242,0.03209388659361715,,False,False,False,0.04526748971193416,0.00411522633744856
El Salvador,SLV,2023,AMR,1.0,0.06086847389558233,,True,False,False,0.018018018018018018,0.00032175032175032174
Serbia,SRB,2023,EUR,0.7530201342281879,,,False,False,False,0.23170731707317074,0.036585365853658534
Sao Tome and Principe,STP,2023,AFR,0.5404255319148936,0.029787234042553193,1.0,False,False,True,0.015873015873015872,0.0
Suriname,SUR,2020,AMR,0.972972972972973,0.20270270270270271,0.8,False,False,False,0.13432835820895522,0.15254237288135594
Suriname,SUR,2021,AMR,0.958904109589041,0.0821917808219178,0.8333333333333334,False,False,False,0.05263157894736842,0.05555555555555555
Suriname,SUR,2022,AMR,0.997093023255814,0.20930232558139536,0.7361111111111112,False,False,False,0.14634146341463414,0.012195121951219513
Slovakia,SVK,2019,EUR,0.024574669187145556,,,False,False,False,0.0,0.0
Slovenia,SVN,2019,EUR,0.7850877192982456,0.15350877192982457,0.9142857142857143,False,False,False,0.017543859649122806,0.0
Slovenia,SVN,2020,EUR,0.3360655737704918,0.06830601092896176,0.88,False,False,False,0.017241379310344827,0.017241379310344827
Slovenia,SVN,2021,EUR,0.8427672955974843,0.16981132075471697,0.8888888888888888,False,False,False,0.0,0.0
Slovenia,SVN,2022,EUR,0.9317803660565723,0.1447587354409318,0.9655172413793104,False,False,False,0.0,0.0
Slovenia,SVN,2023,EUR,0.8403361344537815,0.20168067226890757,1.0,False,False,True,0.03125,0.03125
Eswatini,SWZ,2020,AFR,0.889795918367347,0.39591836734693875,,False,False,False,0.04197271773347324,0.11594202898550725
Eswatini,SWZ,2021,AFR,0.85,0.06816239316239316,0.4827586206896552,False,False,False,0.03612334801762115,0.003524229074889868
Eswatini,SWZ,2022,AFR,0.9511606873681037,0.17063611697316852,0.9098939929328622,False,False,False,0.04285714285714286,0.009523809523809525
Eswatini,SWZ,2023,AFR,0.8924568312632536,0.24962132687064525,0.9927184466019418,False,False,False,0.021602787456445994,0.006968641114982578
Seychelles,SYC,2019,AFR,1.0,0.07692307692307693,,True,False,False,0.0,0.0
Seychelles,SYC,2020,AFR,0.0,0.13725490196078433,,True,False,False,0.0,0.0
Seychelles,SYC,2022,AFR,0.0,0.0,,True,True,False,0.0,0.0
Seychelles,SYC,2023,AFR,1.0,0.13,,True,False,False,0.0,0.0
Syrian Arab Republic,SYR,2019,EMR,1.0,0.2519291874716296,,True,False,False,0.006578947368421052,0.11320754716981132
Syrian Arab Republic,SYR,2020,EMR,1.0,0.23335621139327384,1.0,True,False,True,0.024113475177304965,0.15151515151515152
Syrian Arab Republic,SYR,2021,EMR,1.0,1.0,1.0,True,True,True,0.0129136400322841,0.035046728971962614
Syrian Arab Republic,SYR,2022,EMR,1.0,1.0,1.0,True,True,True,0.015667574931880108,0.02457002457002457
Syrian Arab Republic,SYR,2023,EMR,1.0,,,True,False,False,0.005124450951683748,0.00881057268722467
Chad,TCD,2022,AFR,0.799248523886205,0.7112184648416533,0.9162264150943397,False,False,False,0.022699386503067485,0.006756756756756757
Chad,TCD,2023,AFR,1.0,0.7166600712307083,0.7901711761457758,True,False,False,0.01144542772861357,0.020618556701030927
Thailand,THA,2019,SEA,0.8999942553732776,0.08331350069345851,0.9000197005516154,False,False,False,0.01974931010406623,0.016703204927445453
Thailand,THA,2020,SEA,0.9000007940225979,0.09476659705735226,0.6999581064097193,False,False,False,0.017523364485981307,0.013541728807492692
Thailand,THA,2021,SEA,0.8999950876848258,0.14489364837647983,0.9349742337944128,False,False,False,0.017874553136171596,0.020423919146546884
Thailand,THA,2022,SEA,0.9,0.12141011443337024,0.8,False,False,False,0.01932136110380449,0.021619425889149665
Thailand,THA,2023,SEA,0.9097375620630256,0.03832877360083764,0.8301022206556221,False,False,False,0.01576740565919305,0.013697950270484888
Tonga,TON,2019,WPR,1.0,0.05825242718446602,1.0,True,False,True,0.0,0.0
Trinidad and Tobago,TTO,2021,AMR,0.37894736842105264,0.3763157894736842,0.2517482517482518,False,False,False,0.0,0.0
Tunisia,TUN,2020,EMR,0.007719453021614468,0.022496691662990738,,False,False,False,0.013513513513513514,0.013513513513513514
Tunisia,TUN,2022,EMR,1.0,0.0344973544973545,,True,False,False,0.014652014652014652,0.014652014652014652
Türkiye,TUR,2019,EUR,0.8107248352647126,0.3362114670908127,0.6330254561838252,False,False,False,0.024887476833465715,0.022641509433962263
Türkiye,TUR,2020,EUR,0.8062658125639232,0.3462884211659579,0.7034043214674336,False,False,False,0.025998905309250135,0.02135815991237678
Türkiye,TUR,2021,EUR,0.7999256229081443,0.34802280897483573,0.622439893143366,False,False,False,0.02870693959061408,0.02472250252270434
Türkiye,TUR,2022,EUR,0.8372374353898603,0.3366325745078632,0.5498203201568115,False,False,False,0.024659645517595686,0.02025974025974026
Türkiye,TUR,2023,EUR,0.8533566182135703,0.376290513123427,0.5607425607425608,False,False,False,0.021699346405228758,0.017548524328636
United Republic of Tanzania,TZA,2021,AFR,0.8945737042413779,0.6316553537097344,,False,False,False,0.009789634943765647,0.07389749702026222
United Republic of Tanzania,TZA,2022,AFR,0.9265785396788625,0.2905874006399583,0.26332835077229694,False,False,False,0.007226162067690653,0.0
United Republic of Tanzania,TZA,2023,AFR,0.507827693504473,0.1303177265655387,0.15002564939607332,False,False,False,0.005651762347569464,0.0
Uganda,UGA,2020,AFR,0.7400552327620845,0.09545190731610871,0.8301483362287853,False,False,False,0.008163839819832501,0.5889328063241107
Uganda,UGA,2021,AFR,0.7964912547124324,0.08390692447579527,0.9149812225691145,False,False,False,0.01908799036821511,0.3958333333333333
Uganda,UGA,2022,AFR,0.8410901799975079,0.30995820070458435,0.9654932974695573,False,False,False,0.011514092660029049,0.26506024096385544
Uganda,UGA,2023,AFR,0.879117933619527,0.29047094312007793,0.9676734239512538,False,False,False,0.017068423416679145,0.017068423416679145
Ukraine,UKR,2019,EUR,1.0,0.7736208329980958,0.9278929487623934,True,False,False,0.28602297281928807,0.21028090526555215
Ukraine,UKR,2020,EUR,0.95690642651183,0.6894181775091835,0.880371261601925,False,False,False,0.2617733030204612,0.20363754465735628
Ukraine,UKR,2021,EUR,0.9527122689211601,0.8441810606367056,0.7229862475442044,False,False,False,0.2518676627534685,0.18292422625400215
Ukraine,UKR,2022,EUR,0.9192852275308548,0.5748466722192777,0.9500790305584826,False,False,False,0.23573661586557249,0.18044157874169597
Ukraine,UKR,2023,EUR,0.9639809829665312,0.5471805043921791,0.9382588181138155,False,False,False,0.2212297465724969,0.17210220191109266
Uruguay,URY,2019,AMR,0.765678449258837,0.4977194982896237,,False,False,False,0.018907563025210083,0.16666666666666666
Uruguay,URY,2020,AMR,0.7104477611940299,0.4382089552238806,,False,False,False,0.00196078431372549,0.0
Uruguay,URY,2021,AMR,0.6784682080924855,0.4602601156069364,,False,False,False,0.00530035335689046,0.0
Uruguay,URY,2022,AMR,0.7747163695299838,0.4837925445705024,,False,False,False,0.004511278195488722,0.003278688524590164
Uruguay,URY,2023,AMR,0.8113846153846154,0.3163076923076923,0.6089494163424124,False,False,False,0.005412719891745603,0.0049504950495049506
Uzbekistan,UZB,2019,EUR,1.0,1.0,,True,True,False,0.18271667511403952,0.18271667511403952
Uzbekistan,UZB,2020,EUR,1.0,1.0,1.0,True,True,True,0.18502738892270237,0.16068167985392576
Venezuela (Bolivarian Republic of),VEN,2019,AMR,0.7078296951109507,0.05872271333213062,0.946236559139785,False,False,False,0.04672897196261682,0.04918032786885246
Venezuela (Bolivarian Republic of),VEN,2020,AMR,0.6289820118581048,0.02266103909154859,0.8824833702882483,False,False,False,0.020202020202020204,0.02857142857142857
Venezuela (Bolivarian Republic of),VEN,2021,AMR,0.4974406513240095,0.024384345653137723,0.968595041322314,False,False,False,0.006172839506172839,0.014925373134328358
Venezuela (Bolivarian Republic of),VEN,2022,AMR,0.8521554341226473,0.10860655737704918,0.980083857442348,False,False,False,0.014561664190193165,0.005646359583952452
Venezuela (Bolivarian Republic of),VEN,2023,AMR,0.6336554905938034,0.09274947301435787,0.9845626072041166,False,False,False,0.010436432637571158,0.05517241379310345
Vanuatu,VUT,2019,WPR,1.0,0.6973684210526315,1.0,True,False,True,0.0,0.0
Samoa,WSM,2023,WPR,0.34210526315789475,0.34210526315789475,,False,False,False,0.0,0.0
Zambia,ZMB,2019,AFR,1.0,0.16666666666666666,0.8698863636363636,True,False,False,0.024171539961013646,0.24161073825503357
Zambia,ZMB,2020,AFR,1.0,0.11845102505694761,0.8753605769230769,True,False,False,0.019205767639758894,0.13438735177865613
Zambia,ZMB,2021,AFR,1.0,0.09475467018842056,0.9549952122566231,True,False,False,0.01870494655729555,0.1179245283018868
Zambia,ZMB,2022,AFR,0.7628625266262494,0.5354579714894314,0.9639982863612717,False,False,False,0.013313723972443688,0.1388888888888889
Zambia,ZMB,2023,AFR,0.5271991522711594,0.4316305267724431,,False,False,False,0.010920366708610463,0.04938271604938271
Zimbabwe,ZWE,2019,AFR,0.9659231722428748,0.10788930194134655,,False,False,False,0.016845537291128924,0.11160714285714286
