country,iso3,year,g_whoregion,contact_screening_rate,tpt_start_rate,tpt_completion_rate,contact_screening_rate_edge_flag,tpt_start_rate_edge_flag,tpt_completion_rate_edge_flag,c_new_tsr_next_year,newrel_coh_next_year,treatment_success_rate_next_year,treatment_death_rate_next_year,unsuccessful_rate_next_year
Afghanistan,AFG,2019,EMR,0.9001741149158444,0.7545285151357791,0.8706125258086718,False,False,False,95.0,45818.0,0.947684316207604,0.014077436815225457,0.032214413549260114
Afghanistan,AFG,2020,EMR,0.09380356530682207,1.0,0.8720431950634213,False,True,False,93.0,50324.0,0.9256418408711549,0.01158492965583022,0.029469040616803117
Afghanistan,AFG,2021,EMR,0.8684330484330485,0.7225071225071225,0.95,False,False,False,95.0,50976.0,0.9464846202134338,0.01694915254237288,0.03391792215944758
Afghanistan,AFG,2022,EMR,0.11381794689368105,0.08791082979645576,0.92,False,False,False,94.0,49533.0,0.9429269375971574,0.02016837260008479,0.03664223850766156
Albania,ALB,2019,EUR,0.4426229508196721,0.8852459016393442,0.42592592592592593,False,False,False,89.0,240.0,0.8875,0.058333333333333334,0.10833333333333334
Albania,ALB,2020,EUR,0.5714285714285714,0.8095238095238095,0.6470588235294118,False,False,False,90.0,269.0,0.8996282527881041,0.03345724907063197,0.09293680297397769
Albania,ALB,2021,EUR,0.43243243243243246,0.3783783783783784,0.8571428571428571,False,False,False,89.0,264.0,0.8863636363636364,0.06439393939393939,0.08712121212121213
Albania,ALB,2022,EUR,0.5666666666666667,0.7,0.9047619047619048,False,False,False,89.0,268.0,0.8917910447761194,0.029850746268656716,0.08582089552238806
Andorra,AND,2019,EUR,1.0,0.0,,True,True,False,100.0,2.0,1.0,,
Andorra,AND,2020,EUR,1.0,0.0,,True,True,False,100.0,2.0,1.0,0.0,0.0
Andorra,AND,2021,EUR,1.0,0.3333333333333333,,True,False,False,100.0,4.0,1.0,0.0,0.0
United Arab Emirates,ARE,2019,EMR,0.99644128113879,0.042704626334519574,0.8333333333333334,False,False,False,77.0,62.0,0.7741935483870968,0.0967741935483871,0.14516129032258066
United Arab Emirates,ARE,2020,EMR,0.9128205128205128,0.07179487179487179,0.8571428571428571,False,False,False,85.0,66.0,0.8484848484848485,0.09090909090909091,0.12121212121212122
United Arab Emirates,ARE,2021,EMR,0.9792284866468842,0.0712166172106825,0.9166666666666666,False,False,False,87.0,63.0,0.873015873015873,0.09523809523809523,0.1111111111111111
United Arab Emirates,ARE,2022,EMR,0.965625,0.078125,0.64,False,False,False,78.0,65.0,0.7846153846153846,0.13846153846153847,0.2
Armenia,ARM,2019,EUR,0.9430011632415665,0.017836370686312525,,False,False,False,81.0,303.0,0.8052805280528053,0.07920792079207921,0.18811881188118812
Armenia,ARM,2020,EUR,0.8913250714966635,0.0219256434699714,,False,False,False,86.0,317.0,0.8580441640378549,0.04416403785488959,0.14195583596214512
Armenia,ARM,2021,EUR,0.9189453125,0.0166015625,,False,False,False,84.0,397.0,0.8438287153652393,0.0654911838790932,0.14357682619647355
Armenia,ARM,2022,EUR,0.9133425034387895,0.027510316368638238,,False,False,False,86.0,363.0,0.8622589531680441,0.05785123966942149,0.12396694214876033
Antigua and Barbuda,ATG,2020,AMR,1.0,0.0,,True,True,False,75.0,4.0,0.75,0.0,0.25
Antigua and Barbuda,ATG,2021,AMR,0.8333333333333334,0.0,,False,True,False,100.0,1.0,1.0,0.0,0.0
Antigua and Barbuda,ATG,2022,AMR,0.75,,,False,False,False,0.0,1.0,0.0,0.0,1.0
Australia,AUS,2019,WPR,0.8576576576576577,0.12612612612612611,,False,False,False,90.0,1484.0,0.8975741239892183,0.03840970350404313,0.05188679245283019
Australia,AUS,2020,WPR,0.9172461752433936,0.14186369958275383,,False,False,False,88.0,1256.0,0.8845541401273885,0.04378980891719745,0.05334394904458599
Australia,AUS,2021,WPR,0.46889400921658986,0.08928571428571429,,False,False,False,86.0,1187.0,0.8635214827295703,0.039595619208087615,0.05475989890480202
Australia,AUS,2022,WPR,0.6442105263157895,0.08947368421052632,,False,False,False,47.0,1296.0,0.4729938271604938,0.03935185185185185,0.05015432098765432
Azerbaijan,AZE,2019,EUR,1.0,0.9185363650052702,,True,False,False,82.0,1180.0,0.8245762711864407,0.05254237288135593,0.16864406779661018
Azerbaijan,AZE,2020,EUR,1.0,0.90008173273396,,True,False,False,81.0,1737.0,0.8094415659182499,0.04260218767990789,0.1732872769142199
Azerbaijan,AZE,2021,EUR,1.0,0.8862979777135782,,True,False,False,82.0,3606.0,0.8200221852468109,0.044370493621741544,0.17027176927343315
Azerbaijan,AZE,2022,EUR,0.9199848312476299,0.9199848312476299,0.9499175597691674,False,False,False,84.0,2877.0,0.8369829683698297,0.04657629475147723,0.15641293013555788
Benin,BEN,2019,AFR,1.0,0.9261965655827549,0.8587771203155818,True,False,False,90.0,3915.0,0.9047254150702426,0.061047254150702425,0.08837803320561942
Benin,BEN,2020,AFR,1.0,0.9014272970561998,0.9247897080653142,True,False,False,90.0,3695.0,0.8971583220568335,0.05737483085250338,0.09364005412719892
Benin,BEN,2021,AFR,1.0,0.9220231822971549,0.92,True,False,False,91.0,4109.0,0.908980287174495,0.04770017035775128,0.08274519347773181
Benin,BEN,2022,AFR,1.0,0.9138202837624803,0.9286946520989074,True,False,False,91.0,4261.0,0.9075334428537902,0.04435578502698897,0.08730344989439098
Burkina Faso,BFA,2020,AFR,0.4047449584816133,0.1879003558718861,0.9002525252525253,False,False,False,82.0,6782.0,0.8198171630787379,0.07505160719551755,0.1590976113240932
Burkina Faso,BFA,2021,AFR,0.630110159118727,0.399265605875153,0.8160637645616187,False,False,False,82.0,7320.0,0.8243169398907104,0.0651639344262295,0.15450819672131147
Burkina Faso,BFA,2022,AFR,1.0,0.4232320516267814,0.9783989834815756,True,False,False,81.0,8514.0,0.8084331688982852,0.07270378200610758,0.17066008926474044
Bulgaria,BGR,2022,EUR,0.98854041013269,0.6737032569360676,,False,False,False,77.0,848.0,0.7665094339622641,0.12382075471698113,0.2134433962264151
Bahrain,BHR,2020,EMR,0.8869257950530035,0.17314487632508835,0.6938775510204082,False,False,False,44.0,192.0,0.4427083333333333,0.026041666666666668,0.03125
Bahrain,BHR,2022,EMR,0.8310626702997275,0.08446866485013624,1.0,False,False,True,92.0,161.0,0.9192546583850931,0.062111801242236024,0.08074534161490683
Bahamas,BHS,2019,AMR,0.29850746268656714,0.16169154228855723,0.38461538461538464,False,False,False,68.0,31.0,0.6774193548387096,0.25806451612903225,0.2903225806451613
Bahamas,BHS,2020,AMR,1.0,0.0625,1.0,True,False,True,77.0,44.0,0.7727272727272727,0.13636363636363635,0.18181818181818182
Bahamas,BHS,2021,AMR,0.9705882352941176,0.47058823529411764,1.0,False,False,True,87.0,46.0,0.8695652173913043,0.10869565217391304,0.10869565217391304
Bahamas,BHS,2022,AMR,1.0,0.44680851063829785,1.0,True,False,True,70.0,27.0,0.7037037037037037,0.07407407407407407,0.2962962962962963
Belarus,BLR,2019,EUR,1.0,0.00820251732428228,,True,False,False,85.0,833.0,0.8523409363745498,0.10084033613445378,0.1404561824729892
Belarus,BLR,2020,EUR,1.0,0.0052451919074182,,True,False,False,84.0,903.0,0.840531561461794,0.08970099667774087,0.15946843853820597
Belarus,BLR,2021,EUR,1.0,0.0063907044299201165,,True,False,False,87.0,999.0,0.8698698698698699,0.08208208208208208,0.12412412412412413
Belarus,BLR,2022,EUR,1.0,0.011233150274588119,,True,False,False,89.0,931.0,0.8872180451127819,0.08163265306122448,0.11278195488721804
Belize,BLZ,2020,AMR,1.0,,,True,False,False,80.0,70.0,0.8,0.12857142857142856,0.18571428571428572
Bermuda,BMU,2020,AMR,1.0,0.0,,True,True,False,100.0,2.0,1.0,0.0,0.0
Bolivia (Plurinational State of),BOL,2019,AMR,0.9469657337169762,0.11241171854564479,0.8720186154741129,False,False,False,80.0,6007.0,0.8008989512235725,0.07807557849175961,0.16813717329781921
Bolivia (Plurinational State of),BOL,2020,AMR,0.8317748356633645,0.1101749837977965,0.8831932773109243,False,False,False,80.0,7099.0,0.7968727989857727,0.07634878151852374,0.18819552049584448
Bolivia (Plurinational State of),BOL,2021,AMR,0.8042598860728143,0.09716833154462148,0.8887000849617672,False,False,False,79.0,7993.0,0.7940698110846991,0.08032028024521456,0.17953209057925684
Bolivia (Plurinational State of),BOL,2022,AMR,0.7928707162047048,0.08996789201231899,0.8725418790968682,False,False,False,79.0,8833.0,0.7890863806181365,0.07800294350730216,0.18193139363749575
Brazil,BRA,2019,AMR,0.7026140014329628,0.05833082950054314,0.7428480862191933,False,False,False,67.0,72825.0,0.6666392035702026,0.08427051150017165,0.2123034672159286
Brazil,BRA,2020,AMR,0.7123457126508814,0.07628674967984524,0.7134081005786127,False,False,False,65.0,78023.0,0.6464632223831435,0.09042205503505377,0.22461325506581392
Brazil,BRA,2021,AMR,0.7066589666765776,0.09623653454703474,0.6970471154417444,False,False,False,66.0,87253.0,0.6560805932174252,0.08646121050279074,0.2262615612070645
Brazil,BRA,2022,AMR,0.707174955062912,0.11309666466946275,0.7161714714582138,False,False,False,65.0,90537.0,0.6510597877111015,0.08567767873907906,0.2284922186509383
Brunei Darussalam,BRN,2019,WPR,1.0,0.04154302670623145,,True,False,False,72.0,300.0,0.72,0.14666666666666667,0.14666666666666667
Brunei Darussalam,BRN,2020,WPR,1.0,0.0013559322033898306,1.0,True,False,True,70.0,229.0,0.7030567685589519,0.15283842794759825,0.1615720524017467
Brunei Darussalam,BRN,2021,WPR,1.0,1.0,,True,True,False,78.0,224.0,0.7767857142857143,0.11607142857142858,0.11607142857142858
Brunei Darussalam,BRN,2022,WPR,1.0,0.08928571428571429,0.03333333333333333,True,False,False,75.0,260.0,0.75,0.1076923076923077,0.1076923076923077
Bhutan,BTN,2019,SEA,1.0,0.06666666666666667,1.0,True,False,True,94.0,848.0,0.9445754716981132,0.02240566037735849,0.04481132075471698
Bhutan,BTN,2020,SEA,1.0,0.09010339734121123,1.0,True,False,True,94.0,799.0,0.9436795994993742,0.03254067584480601,0.04755944931163955
Bhutan,BTN,2021,SEA,1.0,0.02252252252252252,1.0,True,False,True,90.0,748.0,0.9010695187165776,0.03609625668449198,0.07620320855614973
Bhutan,BTN,2022,SEA,0.8958755916159568,0.12778904665314403,0.8994708994708994,False,False,False,84.0,778.0,0.8354755784061697,0.02956298200514139,0.043701799485861184
Central African Republic,CAF,2021,AFR,1.0,0.977112676056338,0.9427027027027027,True,False,False,90.0,14389.0,0.9037459170199458,0.029049968726110223,0.08513447772604073
Central African Republic,CAF,2022,AFR,1.0,1.0,,True,True,False,89.0,14239.0,0.8924784043823302,0.03026897956317157,0.08933211601938339
Switzerland,CHE,2020,EUR,1.0,0.19618528610354224,,True,False,False,75.0,326.0,0.754601226993865,0.05828220858895705,0.08282208588957055
Switzerland,CHE,2021,EUR,1.0,0.1544502617801047,,True,False,False,65.0,329.0,0.6534954407294833,0.02735562310030395,0.03951367781155015
Switzerland,CHE,2022,EUR,1.0,0.12780898876404495,,True,False,False,58.0,404.0,0.5816831683168316,0.04702970297029703,0.08168316831683169
Chile,CHL,2019,AMR,0.8295424490875429,,,False,False,False,77.0,1992.0,0.766566265060241,0.10642570281124498,0.1892570281124498
Chile,CHL,2020,AMR,0.8273609555804404,,,False,False,False,74.0,2309.0,0.7392810740580338,0.13165872672152448,0.23516673884798614
Chile,CHL,2021,AMR,0.8374358066229857,,,False,False,False,71.0,2757.0,0.7072905331882481,0.12441059122234313,0.24845846935074356
Chile,CHL,2022,AMR,0.839572192513369,,,False,False,False,69.0,3124.0,0.689820742637644,0.11011523687580026,0.24871959026888604
China,CHN,2019,WPR,0.7844423111213574,,,False,False,False,95.0,608737.0,0.9466912640434211,0.02294915538237367,0.04499151521921618
China,CHN,2020,WPR,0.9968101558230482,,,False,False,False,94.0,570910.0,0.9416317808411133,0.023693752080012613,0.043957891786796516
China,CHN,2021,WPR,0.996073763953317,,,False,False,False,95.0,493397.0,0.9461812698496342,0.028161906132384267,0.04598325486373042
China,CHN,2022,WPR,0.7813916412290581,0.010451184277109418,0.5654041390082,False,False,False,95.0,548839.0,0.9450002641940533,0.028540245864452054,0.047840987976437536
Côte d'Ivoire,CIV,2019,AFR,1.0,0.41790623898484314,0.7736167341430499,True,False,False,84.0,19688.0,0.8398008939455506,0.09122308004876066,0.14247257212515238
Côte d'Ivoire,CIV,2020,AFR,0.17654900964956832,0.17045454545454544,0.8217877094972067,False,False,False,85.0,20659.0,0.8464107652838957,0.0801103635219517,0.13626022556754924
Côte d'Ivoire,CIV,2021,AFR,0.15291657698102765,0.17573260354847636,0.8325459317585302,False,False,False,87.0,21393.0,0.8664516430608142,0.07609965876688636,0.1199925209180573
Cameroon,CMR,2022,AFR,1.0,,0.06135504507124164,True,False,False,89.0,24627.0,0.8912169569984164,0.04978275876070979,0.0957891744832907
Democratic Republic of the Congo,COD,2019,AFR,0.8023220066188039,0.6286597826283523,,False,False,False,94.0,200955.0,0.940225423602299,0.022497574083750093,0.042984747829115974
Democratic Republic of the Congo,COD,2020,AFR,0.857762307546094,0.5349030602547045,,False,False,False,95.0,214408.0,0.9531220849968285,0.019392933099511213,0.03905171448826536
Democratic Republic of the Congo,COD,2021,AFR,0.8919433583858355,0.6018576666734193,,False,False,False,95.0,246119.0,0.9544082334155429,0.017479349420402326,0.03613292756755878
Democratic Republic of the Congo,COD,2022,AFR,0.8837998175773977,0.6531859881349927,,False,False,False,95.0,258069.0,0.9519004607294949,0.016956705377244072,0.036730486807791715
Congo,COG,2022,AFR,0.0,1.0,,True,True,False,86.0,14370.0,0.8638830897703549,0.02025052192066806,0.09916492693110647
Cook Islands,COK,2019,WPR,1.0,,,True,False,False,100.0,1.0,1.0,0.0,0.0
Colombia,COL,2019,AMR,0.16919072408897304,0.1110269758637009,,False,False,False,71.0,11634.0,0.7072374075984185,0.16254082860581057,0.2723912669761045
Colombia,COL,2020,AMR,0.07013450452923414,0.10005489980785068,0.23251028806584362,False,False,False,73.0,13141.0,0.7325926489612663,0.13865002663419831,0.23841412373487558
Colombia,COL,2021,AMR,0.188738627981313,0.11266289648389476,0.8847664775207333,False,False,False,74.0,16692.0,0.739995207284927,0.12640786005271987,0.239515935777618
Colombia,COL,2022,AMR,0.15908146917462768,0.07405209754939773,0.8733974358974359,False,False,False,68.0,18998.0,0.6811243288767239,0.12896094325718496,0.2703968838825139
Cabo Verde,CPV,2019,AFR,1.0,0.3724137931034483,1.0,True,False,True,91.0,207.0,0.9130434782608695,0.043478260869565216,0.08695652173913043
Cabo Verde,CPV,2020,AFR,1.0,0.43636363636363634,1.0,True,False,True,92.0,182.0,0.9175824175824175,0.04945054945054945,0.08241758241758242
Cabo Verde,CPV,2021,AFR,1.0,0.7435897435897436,1.0,True,False,True,71.0,168.0,0.7142857142857143,0.05357142857142857,0.06547619047619048
Costa Rica,CRI,2022,AMR,1.0,0.34175217048145223,,True,False,False,86.0,462.0,0.8636363636363636,0.06493506493506493,0.12121212121212122
Cuba,CUB,2019,AMR,1.0,0.2627378759975445,0.36253894080996885,True,False,False,79.0,573.0,0.794066317626527,0.12216404886561955,0.15357766143106458
Cuba,CUB,2020,AMR,0.8860091474140964,0.07212384191392049,0.9560975609756097,False,False,False,81.0,500.0,0.81,0.104,0.148
Cuba,CUB,2021,AMR,0.7998829724985371,0.17992978349912228,0.9560975609756097,False,False,False,85.0,711.0,0.8466947960618847,0.10548523206751055,0.15330520393811534
Cuba,CUB,2022,AMR,1.0,0.182559324501383,0.6004784688995215,True,False,False,88.0,748.0,0.8756684491978609,0.08021390374331551,0.12032085561497326
Dominican Republic,DOM,2019,AMR,0.5114247311827957,,,False,False,False,84.0,2418.0,0.8374689826302729,0.05996691480562448,0.1621174524400331
Dominican Republic,DOM,2020,AMR,0.41448140900195696,0.016634050880626222,,False,False,False,82.0,3175.0,0.8173228346456692,0.06015748031496063,0.1826771653543307
Dominican Republic,DOM,2021,AMR,0.568019093078759,,,False,False,False,80.0,3853.0,0.8014534129249935,0.06410589151310667,0.19802751103036595
Dominican Republic,DOM,2022,AMR,0.5469798657718121,0.034995206136145734,0.9178082191780822,False,False,False,81.0,4177.0,0.8089537945894183,0.05338759875508738,0.1888915489585827
Ecuador,ECU,2019,AMR,0.8860731840524304,0.06608410704533042,,False,False,False,70.0,5175.0,0.7029951690821256,0.05004830917874396,0.25333333333333335
Ecuador,ECU,2020,AMR,0.86002886002886,0.04383975812547241,,False,False,False,69.0,5473.0,0.6923076923076923,0.05919970765576466,0.23990498812351543
Ecuador,ECU,2021,AMR,0.9048251438689686,0.08056662239929172,,False,False,False,71.0,6345.0,0.7109535066981876,0.0512214342001576,0.230575256107171
Ecuador,ECU,2022,AMR,0.9364607273218872,0.05718534541030147,,False,False,False,72.0,7525.0,0.7160132890365448,0.051029900332225916,0.22591362126245848
Egypt,EGY,2019,EMR,0.8502874834144184,0.05030959752321981,0.8615384615384616,False,False,False,89.0,6834.0,0.8906935908691835,0.03219198127011999,0.10623353819139596
Egypt,EGY,2022,EMR,0.909302928219746,0.12788287121015807,0.7993920972644377,False,False,False,88.0,9277.0,0.8756063382559017,0.029104236283281234,0.12439366174409831
Eritrea,ERI,2019,AFR,0.05309734513274336,0.09498525073746313,,False,False,False,91.0,1617.0,0.9090909090909091,0.04638218923933209,0.08163265306122448
Eritrea,ERI,2022,AFR,1.0,,0.9957716701902748,True,False,False,93.0,2210.0,0.9343891402714932,0.03619909502262444,0.04841628959276018
Ethiopia,ETH,2019,AFR,0.8902705000855838,,,False,False,False,86.0,104651.0,0.861100228378133,0.019340474529627047,0.03563272209534548
Ethiopia,ETH,2020,AFR,0.9308046511335725,0.055098720372894774,,False,False,False,87.0,101547.0,0.8713206692467528,0.019193083005898746,0.03529400179227353
Ethiopia,ETH,2021,AFR,0.892148603681395,0.11294806452971652,,False,False,False,86.0,113638.0,0.8608476037945053,0.016226966331684824,0.034829898449462326
Ethiopia,ETH,2022,AFR,0.9398548802259968,0.1779832366585168,0.7145446854794851,False,False,False,96.0,134000.0,0.9610671641791044,0.015253731343283582,0.030611940298507462
Fiji,FJI,2019,WPR,0.7975308641975308,0.2777777777777778,0.3022222222222222,False,False,False,54.0,443.0,0.5417607223476298,0.14221218961625282,0.3115124153498871
Fiji,FJI,2020,WPR,1.0,1.0,0.5986696230598669,True,True,False,56.0,290.0,0.5551724137931034,0.16206896551724137,0.39655172413793105
Fiji,FJI,2021,WPR,1.0,1.0,0.16806722689075632,True,True,False,50.0,577.0,0.5008665511265165,0.08492201039861352,0.15944540727902945
Fiji,FJI,2022,WPR,1.0,0.9966777408637874,0.6466666666666666,True,False,False,60.0,391.0,0.6035805626598465,0.16879795396419436,0.21994884910485935
France,FRA,2021,EUR,0.829295154185022,,,False,False,False,37.0,3965.0,0.3654476670870114,0.027994955863808322,0.06103404791929382
Micronesia (Federated States of),FSM,2019,WPR,0.868020304568528,0.1319796954314721,,False,False,False,78.0,92.0,0.782608695652174,0.05434782608695652,0.06521739130434782
Micronesia (Federated States of),FSM,2020,WPR,0.36705882352941177,0.1223529411764706,0.3269230769230769,False,False,False,92.0,72.0,0.9166666666666666,0.041666666666666664,0.06944444444444445
Micronesia (Federated States of),FSM,2022,WPR,0.061046511627906974,0.0436046511627907,,False,False,False,88.0,211.0,0.8767772511848341,0.009478672985781991,0.09004739336492891
Ghana,GHA,2019,AFR,0.09341819675016132,0.0005279521323400012,1.0,False,False,True,86.0,12624.0,0.8603453738910013,0.08452154626108999,0.1326045627376426
Ghana,GHA,2020,AFR,0.910989678202793,0.01068609593199757,,False,False,False,87.0,13110.0,0.8685736079328756,0.0696414950419527,0.11632341723874905
Ghana,GHA,2021,AFR,0.9797316585783614,0.20678703968027404,,False,False,False,87.0,16420.0,0.8723507917174178,0.06254567600487211,0.10889159561510353
Ghana,GHA,2022,AFR,0.9198599198091661,0.4383596406638583,,False,False,False,90.0,19005.0,0.8966061562746646,0.05219679031833728,0.08692449355432781
Guinea,GIN,2021,AFR,1.0,1.0,,True,True,False,90.0,19954.0,0.903026962012629,0.04199659216197254,0.08549664227723765
Guinea,GIN,2022,AFR,1.0,1.0,,True,True,False,90.0,19660.0,0.9002543234994913,0.04074262461851475,0.09160732451678535
Gambia,GMB,2020,AFR,0.1454849498327759,0.42474916387959866,0.7244094488188977,False,False,False,84.0,2254.0,0.8402839396628217,0.062111801242236024,0.15527950310559005
Gambia,GMB,2021,AFR,0.1302048909451421,0.22207534699272968,0.8482142857142857,False,False,False,87.0,2535.0,0.8706114398422091,0.04378698224852071,0.11952662721893491
Gambia,GMB,2022,AFR,0.06245443499392467,0.1859052247873633,1.0,False,False,True,87.0,2739.0,0.8740416210295728,0.044906900328587074,0.12595837897042717
Guinea-Bissau,GNB,2019,AFR,1.0,0.8406466512702079,0.27197802197802196,True,False,False,75.0,2542.0,0.7505900865460268,0.0952006294256491,0.21754523996852873
Guinea-Bissau,GNB,2020,AFR,0.0,0.8394415357766143,0.47193347193347196,True,False,False,75.0,2490.0,0.7461847389558233,0.06385542168674699,0.21646586345381527
Guatemala,GTM,2021,AMR,0.30228667038482987,0.30228667038482987,,False,False,False,88.0,4030.0,0.8764267990074441,0.06228287841191067,0.12357320099255584
Guatemala,GTM,2022,AMR,0.8081415519833468,0.2524574997108824,,False,False,False,85.0,4554.0,0.847167325428195,0.06258234519104085,0.152832674571805
Guam,GUM,2019,WPR,0.30364372469635625,0.19838056680161945,0.5306122448979592,False,False,False,75.0,57.0,0.7543859649122807,0.12280701754385964,0.21052631578947367
Guam,GUM,2020,WPR,0.64375,0.25625,0.5365853658536586,False,False,False,79.0,58.0,0.7931034482758621,0.06896551724137931,0.1724137931034483
Guam,GUM,2021,WPR,0.7916666666666666,0.3819444444444444,0.6545454545454545,False,False,False,76.0,59.0,0.7627118644067796,0.15254237288135594,0.22033898305084745
Guam,GUM,2022,WPR,0.6532258064516129,0.06182795698924731,0.6956521739130435,False,False,False,75.0,44.0,0.75,0.11363636363636363,0.18181818181818182
Guyana,GUY,2019,AMR,0.6311787072243346,0.20912547528517111,,False,False,False,67.0,358.0,0.6675977653631285,0.08379888268156424,0.276536312849162
Guyana,GUY,2020,AMR,0.38482384823848237,0.16260162601626016,,False,False,False,67.0,402.0,0.6741293532338308,0.10696517412935323,0.27611940298507465
Guyana,GUY,2021,AMR,0.6390423572744015,0.16206261510128914,,False,False,False,70.0,392.0,0.701530612244898,0.07397959183673469,0.25510204081632654
Guyana,GUY,2022,AMR,0.6376306620209059,0.10452961672473868,,False,False,False,77.0,424.0,0.7712264150943396,0.07783018867924528,0.20754716981132076
"China, Hong Kong SAR",HKG,2019,WPR,0.8219354838709677,0.15483870967741936,0.8916666666666667,False,False,False,74.0,3610.0,0.7445983379501385,0.1925207756232687,0.210803324099723
"China, Hong Kong SAR",HKG,2020,WPR,0.603157321720196,0.18671747414262385,0.8542274052478134,False,False,False,74.0,3662.0,0.7441288913162206,0.19606772255598034,0.2151829601310759
"China, Hong Kong SAR",HKG,2021,WPR,0.5733916302311055,0.19800124921923798,0.8170347003154574,False,False,False,79.0,2945.0,0.7949066213921901,0.14702886247877758,0.1701188455008489
"China, Hong Kong SAR",HKG,2022,WPR,0.5775553967119371,0.20729092208720515,0.8379310344827586,False,False,False,82.0,2966.0,0.8240053944706676,0.13182737693863789,0.1500337154416723
Honduras,HND,2019,AMR,0.5268287570739887,0.21201006078390275,,False,False,False,87.0,1847.0,0.8727666486193828,0.07850568489442339,0.12181916621548457
Honduras,HND,2020,AMR,0.38286441396861304,0.22875724586455534,0.0,False,False,True,85.0,2063.0,0.8540959767329133,0.07658749394086282,0.13766359670382938
Honduras,HND,2021,AMR,0.9245582238332578,0.17489805165382874,1.0,False,False,True,86.0,2331.0,0.8601458601458601,0.07593307593307594,0.1347061347061347
Honduras,HND,2022,AMR,0.37873340707964603,0.10674778761061947,,False,False,False,84.0,2634.0,0.8432042520880789,0.07896735003796507,0.1480637813211845
Haiti,HTI,2019,AMR,0.9039816483696542,0.11731935113878421,0.7732774674115456,False,False,False,82.0,10844.0,0.8191626706012541,0.060125414976023604,0.15842862412393952
Haiti,HTI,2020,AMR,1.0,0.14849531327084362,,True,False,False,82.0,9778.0,0.8245039885457148,0.055430558396400084,0.15453057885048066
Haiti,HTI,2021,AMR,0.621676631471823,0.07950642411906882,,False,False,False,85.0,11100.0,0.8486486486486486,0.06126126126126126,0.140990990990991
Haiti,HTI,2022,AMR,1.0,0.12153730970801098,,True,False,False,82.0,11714.0,0.8223493255933072,0.04635478914119857,0.13974731091002218
Indonesia,IDN,2019,WPR,0.029479386288997596,0.002853969188266587,0.2795838751625488,False,False,False,86.0,362523.0,0.8607509040805686,0.03774932900809052,0.10906618338698511
Indonesia,IDN,2020,WPR,0.028802596751664154,0.0011906437863371004,0.5387840670859538,False,False,False,87.0,391245.0,0.8657950900330995,0.038840112972689744,0.11234648366113305
Indonesia,IDN,2021,WPR,0.9789280197268452,0.0015776609340329539,0.6935161382462154,False,False,False,87.0,630307.0,0.866311178520943,0.03583174548275681,0.1146536529024745
Indonesia,IDN,2022,WPR,0.9925245951818792,0.028825505335133766,0.6657264531828991,False,False,False,86.0,718814.0,0.8560142122997048,0.037499269630252054,0.12290940354528432
India,IND,2019,SEA,0.7924773801752456,0.022153024839242502,0.07116449333430465,False,False,False,85.0,1603958.0,0.8509412341220904,0.04381349137570934,0.07891852529804397
India,IND,2020,SEA,0.8524492351122137,0.04233149767722845,,False,False,False,87.0,1905759.0,0.8677052030188497,0.04619052041732454,0.07678200653912694
India,IND,2021,SEA,0.760220854653506,0.10637958683660034,0.7023626103449083,False,False,False,89.0,2194723.0,0.8853809797409513,0.04089992222253104,0.06590307751821073
India,IND,2022,SEA,0.9418253347762041,0.2420277617547088,0.8099988797394102,False,False,False,90.0,2286114.0,0.8975943456887977,0.03789268601653286,0.05844940366053487
Iran (Islamic Republic of),IRN,2019,EMR,0.9346065833480021,0.11868509065305403,0.8728216536892844,False,False,False,84.0,5958.0,0.842228935884525,0.09080228264518295,0.14216179926149713
Iran (Islamic Republic of),IRN,2020,EMR,0.9419413155333055,0.1272423863162286,0.9158469945355191,False,False,False,83.0,6191.0,0.8299143918591504,0.08706186399612341,0.14230334356323696
Iran (Islamic Republic of),IRN,2021,EMR,0.9361020468703649,0.10756452091367547,0.8698290126861555,False,False,False,84.0,7234.0,0.8411667127453691,0.08501520597179983,0.14183024606027095
Iran (Islamic Republic of),IRN,2022,EMR,0.9149332061068702,0.1064885496183206,0.8378136200716846,False,False,False,85.0,7371.0,0.8456111789445123,0.07583774250440917,0.13403880070546736
Iraq,IRQ,2019,EMR,0.5806228904571955,0.20796256520405032,0.7097012172630026,False,False,False,94.0,4985.0,0.9412236710130392,0.023871614844533602,0.05255767301905717
Iraq,IRQ,2020,EMR,0.5593697242543613,,,False,False,False,93.0,5804.0,0.9319434872501723,0.0308407994486561,0.0616815988973122
Iraq,IRQ,2021,EMR,0.635330752398586,0.1824608651742131,0.8514760147601476,False,False,False,94.0,6643.0,0.9394851723618847,0.02528977871443625,0.05298810778262833
Iraq,IRQ,2022,EMR,0.6142227361422273,0.5556117655561177,0.9154526534859522,False,False,False,94.0,6848.0,0.9434871495327103,0.023802570093457945,0.04483060747663552
Jordan,JOR,2019,EMR,1.0,,,True,False,False,86.0,223.0,0.8565022421524664,0.026905829596412557,0.11659192825112108
Kazakhstan,KAZ,2019,EUR,1.0,0.024126944848278636,,True,False,False,88.0,5742.0,0.8782654127481714,0.08028561476837338,0.11947056774642982
Kazakhstan,KAZ,2020,EUR,1.0,0.1252202601882053,1.0,True,False,True,89.0,5621.0,0.8872086817292296,0.07738836505959794,0.11154598825831702
Kazakhstan,KAZ,2021,EUR,1.0,0.16619559072922555,1.0,True,False,True,90.0,5922.0,0.8991894630192503,0.07497467071935157,0.09760216143194866
Kazakhstan,KAZ,2022,EUR,1.0,0.17615849563465413,,True,False,False,90.0,5795.0,0.9042277825711821,0.06678170836928386,0.09439171699741156
Kenya,KEN,2019,AFR,1.0,0.9610165593376265,0.7633121933708269,True,False,False,85.0,70382.0,0.848711318234776,0.07196442272171862,0.1294365036515018
Kenya,KEN,2020,AFR,0.10328460224036454,0.8311182836529334,0.7497430039977155,False,False,False,87.0,75086.0,0.8727858721998775,0.06336733878486003,0.11763844125402871
Kenya,KEN,2021,AFR,0.8467157083868281,0.06450605503313786,0.8168370091447015,False,False,False,89.0,87689.0,0.8864395762296298,0.05835395545621458,0.10930675455302262
Kenya,KEN,2022,AFR,1.0,0.2903555646444798,0.895578147966683,True,False,False,89.0,94024.0,0.8942716753169404,0.052603590572619756,0.09733685016591509
Kyrgyzstan,KGZ,2019,EUR,1.0,0.048442556634304204,,True,False,False,82.0,3472.0,0.817684331797235,0.07805299539170507,0.1777073732718894
Kyrgyzstan,KGZ,2020,EUR,1.0,0.038328861632809505,,True,False,False,81.0,3845.0,0.811703511053316,0.06657997399219766,0.18283485045513653
Kyrgyzstan,KGZ,2021,EUR,1.0,0.03979261179520415,0.6156351791530945,True,False,False,83.0,3845.0,0.8280884265279583,0.06319895968790637,0.1659297789336801
Kyrgyzstan,KGZ,2022,EUR,0.9738939269029954,0.06856279197581754,0.9018036072144289,False,False,False,86.0,3493.0,0.8628685943315202,0.04752361866590323,0.13627254509018036
Kiribati,KIR,2019,WPR,0.011577424023154847,0.15050651230101303,0.8269230769230769,False,False,False,83.0,385.0,0.8285714285714286,0.08831168831168831,0.12207792207792208
Kiribati,KIR,2020,WPR,0.01972062448644207,0.13640098603122433,0.7590361445783133,False,False,False,86.0,330.0,0.8606060606060606,0.08484848484848485,0.10909090909090909
Republic of Korea,KOR,2019,WPR,0.8082258934261484,0.1331928035688024,0.7007729112992271,False,False,False,81.0,22344.0,0.8122986036519871,0.14697457930540636,0.16742749731471537
Republic of Korea,KOR,2020,WPR,0.833202291362462,0.15230821071548917,0.7216076696165191,False,False,False,80.0,20545.0,0.8013141883669993,0.1557069846678024,0.1798491117060112
Republic of Korea,KOR,2021,WPR,0.8200498132004981,0.15950601909506018,0.8197787898503578,False,False,False,79.0,18370.0,0.7916167664670659,0.16624931954273273,0.18856831790963527
Republic of Korea,KOR,2022,WPR,0.7745813653928725,0.15193522664540268,0.8566814695195801,False,False,False,79.0,17646.0,0.794911027995013,0.16695001700102005,0.18797461181004194
Kuwait,KWT,2019,EMR,1.0,0.9974763406940063,0.9955724225173941,True,False,False,82.0,691.0,0.8234442836468886,0.010130246020260492,0.056439942112879886
Kuwait,KWT,2020,EMR,1.0,0.9989451476793249,,True,False,False,100.0,736.0,0.9959239130434783,0.004076086956521739,0.004076086956521739
Kuwait,KWT,2021,EMR,1.0,,,True,False,False,100.0,449.0,1.0,0.0,0.0
Kuwait,KWT,2022,EMR,1.0,0.27435530085959886,,True,False,False,99.0,410.0,0.9878048780487805,0.012195121951219513,0.012195121951219513
Lebanon,LBN,2019,EMR,0.8690404345202173,0.2637296318648159,,False,False,False,81.0,655.0,0.8106870229007633,0.03206106870229008,0.04580152671755725
Lebanon,LBN,2020,EMR,0.9307036247334755,0.31449893390191896,,False,False,False,88.0,467.0,0.8822269807280514,0.032119914346895075,0.05139186295503212
Lebanon,LBN,2021,EMR,0.9270718232044199,0.3005524861878453,,False,False,False,85.0,505.0,0.8495049504950495,0.041584158415841586,0.08514851485148515
Lebanon,LBN,2022,EMR,0.8133333333333334,0.19076923076923077,,False,False,False,85.0,503.0,0.8489065606361829,0.03578528827037773,0.08946322067594434
Liberia,LBR,2020,AFR,0.7898550724637681,0.6884057971014492,,False,False,False,78.0,91.0,0.7802197802197802,0.07692307692307693,0.21978021978021978
Liberia,LBR,2021,AFR,0.5558659217877095,0.5139664804469274,0.9782608695652174,False,False,False,78.0,7043.0,0.7829050120687208,0.03492829760045435,0.1814567655828482
Libya,LBY,2020,EMR,0.0,1.0,,True,True,False,62.0,1944.0,0.6157407407407407,0.01646090534979424,0.3477366255144033
Saint Lucia,LCA,2022,AMR,1.0,0.0,,True,True,False,50.0,2.0,0.5,0.5,0.5
Sri Lanka,LKA,2019,SEA,0.7624585796894289,0.04846988499772594,,False,False,False,83.0,7036.0,0.8264638999431495,0.07760090960773167,0.12151790790221717
Sri Lanka,LKA,2020,SEA,0.5202248080424285,0.0569935882213251,0.5027777777777778,False,False,False,80.0,6551.0,0.7991146389864143,0.08807815600671653,0.1379941993588765
Sri Lanka,LKA,2021,SEA,0.5866351596416992,0.040281365060174754,1.0,False,False,True,79.0,8109.0,0.7861635220125787,0.09014675052410902,0.14551732642742632
Sri Lanka,LKA,2022,SEA,0.6790484140233722,0.08879382303839733,1.0,False,False,True,80.0,9271.0,0.8021788372343868,0.08186819113364253,0.13385826771653545
Lesotho,LSO,2019,AFR,0.6822233606557377,0.020543032786885247,0.5461346633416458,False,False,False,76.0,4478.0,0.757034390352836,0.15252344796784278,0.20701205895489058
Lesotho,LSO,2020,AFR,0.72544080604534,0.13543886843634956,0.6838340486409156,False,False,False,77.0,4508.0,0.7697426796805679,0.1574977817213842,0.2069653948535936
Lesotho,LSO,2021,AFR,0.8146453089244852,0.22384023299355107,0.7574349442379182,False,False,False,80.0,5523.0,0.8030056128915445,0.1347093970668115,0.18631178707224336
Lesotho,LSO,2022,AFR,0.8118662025124868,0.29983350991372787,0.8359414437152953,False,False,False,82.0,6458.0,0.8182099721275937,0.12372251471043667,0.1707959120470734
"China, Macao SAR",MAC,2019,WPR,0.6757457846952011,0.0648508430609598,,False,False,False,84.0,359.0,0.8356545961002786,0.09749303621169916,0.10863509749303621
"China, Macao SAR",MAC,2020,WPR,0.28939393939393937,0.10454545454545454,,False,False,False,82.0,333.0,0.8168168168168168,0.10810810810810811,0.12312312312312312
"China, Macao SAR",MAC,2021,WPR,0.7457627118644068,0.08851224105461393,,False,False,False,81.0,288.0,0.8125,0.09722222222222222,0.10416666666666667
"China, Macao SAR",MAC,2022,WPR,0.6956521739130435,0.09145427286356822,,False,False,False,88.0,284.0,0.8838028169014085,0.056338028169014086,0.07042253521126761
Morocco,MAR,2019,EMR,0.7195292902464218,0.023535487678913974,,False,False,False,88.0,29018.0,0.8837273416500103,0.0240884967950927,0.10359087462954028
Morocco,MAR,2020,EMR,0.546314205888674,0.03141342503044631,,False,False,False,87.0,29327.0,0.8741432809356565,0.023323217512872096,0.09673679544447096
Morocco,MAR,2021,EMR,0.19145269688092367,0.11528519731173531,0.57847533632287,False,False,False,87.0,30503.0,0.8724715601744091,0.02321083172147002,0.09867881847687113
Morocco,MAR,2022,EMR,0.6305084745762712,0.05353451839603142,0.7837837837837838,False,False,False,87.0,32429.0,0.8657066206173487,0.02272657189552561,0.11156680748712572
Republic of Moldova,MDA,2019,EUR,0.9304582519811646,0.08102676007809809,,False,False,False,79.0,1408.0,0.7933238636363636,0.13210227272727273,0.19318181818181818
Republic of Moldova,MDA,2020,EUR,0.899857108835437,0.06549178375803763,0.8018181818181818,False,False,False,80.0,1638.0,0.8046398046398047,0.12454212454212454,0.19291819291819293
Republic of Moldova,MDA,2021,EUR,0.8779456193353474,0.11102719033232629,0.745578231292517,False,False,False,85.0,1673.0,0.8463837417812313,0.09264793783622235,0.14763897190675435
Republic of Moldova,MDA,2022,EUR,0.8695441319107663,0.14730843840931135,0.8930041152263375,False,False,False,85.0,1676.0,0.8532219570405728,0.08711217183770883,0.14618138424821003
Madagascar,MDG,2019,AFR,1.0,0.803495835040284,,True,False,False,83.0,33576.0,0.8288658565642125,0.04384083869430545,0.13518584703359543
Madagascar,MDG,2020,AFR,0.043706293706293704,,,False,False,False,83.0,39687.0,0.8276513719857888,0.042809988157331114,0.13493083377428378
Madagascar,MDG,2021,AFR,0.27930651530108586,0.5543558736426456,,False,False,False,75.0,45724.0,0.7494095004811477,0.03989152305135159,0.12962557956434256
Maldives,MDV,2021,SEA,0.0625,0.0625,1.0,False,False,True,69.0,111.0,0.6936936936936937,0.0990990990990991,0.1891891891891892
Mexico,MEX,2019,AMR,0.8064668508939749,0.05316611162285363,0.28698356286095067,False,False,False,71.0,17241.0,0.7134736964213213,0.12191868221100864,0.2090946000812018
Mexico,MEX,2020,AMR,0.8294020432692307,0.046011117788461536,0.30122448979591837,False,False,False,71.0,21124.0,0.7142113236129521,0.12710660859685666,0.21066085968566559
Mexico,MEX,2021,AMR,0.8859869657545949,0.036368961898020455,0.4053691275167785,False,False,False,70.0,24928.0,0.7026636713735558,0.12844993581514763,0.22312259306803595
Mexico,MEX,2022,AMR,0.8528404035815019,0.03799193594184792,0.46088689586447434,False,False,False,69.0,26327.0,0.6941922740912372,0.13062635317354807,0.23568959623200517
Marshall Islands,MHL,2019,WPR,0.8842504743833017,0.14990512333965844,0.9240506329113924,False,False,False,86.0,147.0,0.8571428571428571,0.10204081632653061,
Marshall Islands,MHL,2020,WPR,0.9659367396593674,0.9659367396593674,0.8564231738035264,False,False,False,90.0,118.0,0.8983050847457628,0.06779661016949153,0.1016949152542373
Marshall Islands,MHL,2021,WPR,0.9482129832239241,0.08315098468271334,0.9649122807017544,False,False,False,83.0,106.0,0.8301886792452831,0.0660377358490566,0.14150943396226415
Marshall Islands,MHL,2022,WPR,0.8188976377952756,0.17716535433070865,0.6666666666666666,False,False,False,92.0,216.0,0.9212962962962963,0.041666666666666664,0.07407407407407407
North Macedonia,MKD,2019,EUR,0.8201058201058201,0.3386243386243386,,False,False,False,84.0,148.0,0.8445945945945946,0.07432432432432433,0.14189189189189189
North Macedonia,MKD,2020,EUR,0.8507462686567164,0.3582089552238806,0.625,False,False,False,79.0,146.0,0.7876712328767124,0.0684931506849315,0.21232876712328766
Mali,MLI,2020,AFR,0.05255023183925812,0.5834621329211747,,False,False,False,82.0,7285.0,0.822786547700755,0.07741935483870968,0.1571722717913521
Mali,MLI,2021,AFR,0.06131767775603392,0.6881930854533594,,False,False,False,84.0,7897.0,0.8448778016968469,0.06318855261491706,0.13701405597062175
Myanmar,MMR,2021,SEA,0.5687666370896185,0.0120452528837622,0.9705340699815838,False,False,False,88.0,116718.0,0.8829743484295481,0.04232423447968608,0.10889494336777532
Myanmar,MMR,2022,SEA,0.5196959225984796,0.02682067989600816,0.8797546012269939,False,False,False,84.0,125594.0,0.8424208162810325,0.040909597592241664,0.09947131232383713
Montenegro,MNE,2020,EUR,0.14545454545454545,,,False,False,False,94.0,80.0,0.9375,0.05,0.05
Montenegro,MNE,2021,EUR,0.20588235294117646,,,False,False,False,93.0,71.0,0.9295774647887324,0.014084507042253521,0.07042253521126761
Montenegro,MNE,2022,EUR,0.6328125,,,False,False,False,89.0,62.0,0.8870967741935484,0.016129032258064516,0.11290322580645161
Mongolia,MNG,2019,WPR,0.8570378537302462,0.059353178978316795,,False,False,False,90.0,3710.0,0.8983827493261456,0.03477088948787062,0.09353099730458221
Mongolia,MNG,2020,WPR,0.8597449908925319,0.030965391621129327,,False,False,False,90.0,2584.0,0.896671826625387,0.03134674922600619,0.09674922600619196
Mongolia,MNG,2021,WPR,0.8124826629680999,0.0377253814147018,1.0,False,False,True,87.0,2670.0,0.8685393258426967,0.037827715355805244,0.11760299625468165
Mongolia,MNG,2022,WPR,0.8796163069544365,0.09720223820943245,0.9851973684210527,False,False,False,82.0,2836.0,0.82475317348378,0.04936530324400564,0.152327221438646
Northern Mariana Islands,MNP,2019,WPR,0.6123076923076923,0.009230769230769232,0.0,False,False,True,87.0,39.0,0.8717948717948718,0.07692307692307693,0.1282051282051282
Northern Mariana Islands,MNP,2020,WPR,0.5948275862068966,,,False,False,False,100.0,36.0,1.0,0.0,0.0
Northern Mariana Islands,MNP,2021,WPR,0.1411764705882353,0.1411764705882353,1.0,False,False,True,70.0,23.0,0.6956521739130435,0.043478260869565216,0.30434782608695654
Northern Mariana Islands,MNP,2022,WPR,0.7160493827160493,0.2345679012345679,0.3157894736842105,False,False,False,73.0,22.0,0.7272727272727273,0.09090909090909091,0.2727272727272727
Mauritius,MUS,2022,AFR,1.0,0.32531645569620254,0.7509727626459144,True,False,False,65.0,103.0,0.6504854368932039,0.18446601941747573,0.30097087378640774
Malawi,MWI,2019,AFR,0.8887433448829545,0.10753824051381729,0.943418467583497,False,False,False,90.0,14863.0,0.8961851577743389,0.07360559779317769,0.09284801184148557
Malawi,MWI,2020,AFR,0.8980565371024735,0.10653710247349824,0.9241293532338308,False,False,False,90.0,14221.0,0.8998663947683004,0.06975599465579073,0.08881231980873357
Malawi,MWI,2021,AFR,0.913913425406276,0.09267483285344785,0.9578725645076356,False,False,False,90.0,17723.0,0.9036280539412064,0.06737008407154545,0.08503075100152345
Malawi,MWI,2022,AFR,0.928336268279611,0.08954138274251588,0.9350149636596836,False,False,False,91.0,18767.0,0.9105344487664517,0.05941279906218362,0.07875526189588107
Malaysia,MYS,2019,WPR,0.6672575522564443,0.06022108969150848,0.7694194603434178,False,False,False,78.0,22973.0,0.7763026161145693,0.12188220955034171,0.17337744308536107
Malaysia,MYS,2020,WPR,0.7464060048344006,0.15270768839319793,0.8422660372118855,False,False,False,79.0,20710.0,0.7893288266537904,0.13891839690970545,0.18305166586190247
Malaysia,MYS,2021,WPR,0.7218881050681057,0.15126296284256038,0.594455190199871,False,False,False,81.0,24279.0,0.8073643889781292,0.1285473042547057,0.15766711973310268
Malaysia,MYS,2022,WPR,0.4542577853600149,0.048600458144446204,0.7985845718329795,False,False,False,82.0,25632.0,0.8150358926342073,0.12226903870162296,0.15437734082397003
Namibia,NAM,2019,AFR,0.8624823695345557,0.08339210155148095,0.8821353065539113,False,False,False,88.0,6312.0,0.8819708491761724,0.07351077313054499,0.11549429657794677
Namibia,NAM,2020,AFR,0.825462291515591,0.08552393038433648,0.8881822999470058,False,False,False,87.0,6464.0,0.8680383663366337,0.07704207920792079,0.1282487623762376
Namibia,NAM,2021,AFR,0.8508190851311431,0.07125593053441948,0.9038944723618091,False,False,False,88.0,8374.0,0.8758060663959876,0.0659183186052066,0.12240267494626224
Namibia,NAM,2022,AFR,0.8155122777307366,0.09571549534292972,0.8818117480537863,False,False,False,88.0,8994.0,0.8792528352234823,0.06170780520346898,0.11596619968868134
Niger,NER,2021,AFR,0.904441117764471,0.904441117764471,,False,False,False,86.0,14214.0,0.856479527226678,0.06465456592092303,0.13317855635289153
Niger,NER,2022,AFR,0.8789452656811826,0.8789452656811826,,False,False,False,88.0,15484.0,0.8762593645052957,0.059028674761043655,0.1161198656677861
Nigeria,NGA,2019,AFR,0.8828178694158075,0.5296023564064801,0.8153503893214683,False,False,False,90.0,135784.0,0.8968508808106993,0.03478318505862252,0.08506156837329877
Nigeria,NGA,2020,AFR,0.8922820154269475,0.4389011682980739,0.8242548818088387,False,False,False,91.0,204725.0,0.908643301990475,0.00275003052875809,0.07104652582732934
Nigeria,NGA,2021,AFR,0.8084413080364029,0.16887436372049977,0.8423245989610093,False,False,False,93.0,282184.0,0.9279725285629234,0.022006917472287585,0.06360388966064695
Nigeria,NGA,2022,AFR,0.9418394323083344,0.3048941853073496,0.9395463290233099,False,False,False,94.0,367250.0,0.9400898570456092,0.016716133424098025,0.05208441116405718
Nicaragua,NIC,2019,AMR,0.9356804333107651,0.5362220717670955,1.0,False,False,True,86.0,1886.0,0.8626723223753977,0.05885471898197243,0.1288441145281018
Nepal,NPL,2019,SEA,0.6215251487290427,0.03703932627675191,0.8548185231539425,False,False,False,91.0,26909.0,0.9131145713330112,0.032777137760600546,0.06209818276413096
Nepal,NPL,2020,SEA,0.25500464006363516,0.03306045340050378,,False,False,False,92.0,27980.0,0.9160471765546819,0.03584703359542531,0.06697641172265904
Nepal,NPL,2021,SEA,0.3218901910540001,0.03971812940422806,,False,False,False,93.0,37003.0,0.9250871550955327,0.029943518093127584,0.06207604788800908
Nepal,NPL,2022,SEA,0.2805343941156603,0.023702480579427327,0.8587713742875237,False,False,False,92.0,36396.0,0.923260797889878,0.033135509396636995,0.0639905484119134
Oman,OMN,2019,EMR,0.952116935483871,0.1658266129032258,0.668693009118541,False,False,False,56.0,312.0,0.5608974358974359,0.08333333333333333,0.10576923076923077
Oman,OMN,2020,EMR,0.9641401792991035,0.22901385493072535,0.6192170818505338,False,False,False,61.0,231.0,0.6060606060606061,0.09956709956709957,0.10822510822510822
Oman,OMN,2021,EMR,0.930421909696521,0.17172464840858623,0.6767241379310345,False,False,False,44.0,362.0,0.43922651933701656,0.06629834254143646,0.08287292817679558
Oman,OMN,2022,EMR,0.9444985394352483,0.1382667964946446,0.7429577464788732,False,False,False,39.0,487.0,0.3860369609856263,0.0513347022587269,0.07186858316221766
Pakistan,PAK,2020,EMR,0.29439919482601157,0.016092296796078504,,False,False,False,94.0,339256.0,0.9352612776192609,0.016244370033249227,0.03828082627868041
Pakistan,PAK,2021,EMR,0.36259387557156714,0.00713454343910212,,False,False,False,95.0,424601.0,0.9504216900101508,0.016297653561814503,0.03462073805761173
Pakistan,PAK,2022,EMR,0.482365776435589,0.012174177112681997,,False,False,False,95.0,475761.0,0.9490605577170049,0.015425812540330123,0.035889869072916865
Panama,PAN,2021,AMR,0.653558052434457,0.09850187265917602,,False,False,False,74.0,1645.0,0.7428571428571429,0.14346504559270518,0.2571428571428571
Panama,PAN,2022,AMR,0.6388294075660242,0.09635974304068523,,False,False,False,75.0,2052.0,0.7509746588693957,0.1232943469785575,0.2490253411306043
Peru,PER,2019,AMR,0.8878630985798349,0.10885160002495166,0.19598853868194843,False,False,False,85.0,20938.0,0.8494125513420575,0.0645715923201834,0.11218836565096953
Peru,PER,2020,AMR,0.32871267933307485,0.0991663435440093,0.4095796676441838,False,False,False,86.0,22683.0,0.8571617510911255,0.0641890402504078,0.11973724815941454
Peru,PER,2021,AMR,0.8345058093267548,0.07381823969441349,0.39197930142302717,False,False,False,84.0,25175.0,0.8432174776564052,0.06387288977159881,0.13906653426017876
Peru,PER,2022,AMR,0.8310518008322572,0.07091404792653179,0.5690004046944557,False,False,False,85.0,28068.0,0.8451617500356278,0.07246686618212911,0.1437223884851076
Palau,PLW,2019,WPR,0.675,0.25,1.0,False,False,True,90.0,10.0,0.9,0.0,0.1
Palau,PLW,2020,WPR,0.9487179487179487,0.23076923076923078,1.0,False,False,True,100.0,8.0,1.0,0.0,0.0
Palau,PLW,2021,WPR,0.7307692307692307,0.11538461538461539,1.0,False,False,True,71.0,7.0,0.7142857142857143,0.2857142857142857,0.2857142857142857
Palau,PLW,2022,WPR,0.6071428571428571,0.25,1.0,False,False,True,93.0,15.0,0.9333333333333333,0.06666666666666667,0.06666666666666667
Papua New Guinea,PNG,2019,WPR,0.8880583409298086,0.2707383773928897,,False,False,False,74.0,27141.0,0.7354924284293136,0.03323385284256291,0.17324343244537785
Papua New Guinea,PNG,2020,WPR,0.8236297198538368,0.33934226552984165,,False,False,False,73.0,28244.0,0.7330760515507718,0.03250247840249256,0.13705565783883303
Puerto Rico,PRI,2019,AMR,0.5632183908045977,0.13793103448275862,0.6666666666666666,False,False,False,74.0,27.0,0.7407407407407407,0.18518518518518517,0.25925925925925924
Puerto Rico,PRI,2020,AMR,0.743421052631579,0.125,0.8947368421052632,False,False,False,82.0,17.0,0.8235294117647058,0.058823529411764705,0.17647058823529413
Puerto Rico,PRI,2021,AMR,0.4573643410852713,0.046511627906976744,0.6666666666666666,False,False,False,81.0,21.0,0.8095238095238095,0.19047619047619047,0.19047619047619047
Democratic People's Republic of Korea,PRK,2019,SEA,0.1154126863129896,0.1142611544512383,1.0,False,False,True,87.0,89640.0,0.8698348951360999,0.0320615796519411,0.11997991967871485
Democratic People's Republic of Korea,PRK,2020,SEA,0.06871742236712351,0.06803316629435087,1.0,False,False,True,88.0,87413.0,0.8805555237779278,0.03189456945763216,0.10830196881470719
Democratic People's Republic of Korea,PRK,2021,SEA,0.08128674455347643,0.08048064831633366,0.8990384615384616,False,False,False,87.0,81776.0,0.8735448053218549,0.03108491488945412,0.11569409117589513
Democratic People's Republic of Korea,PRK,2022,SEA,0.08197215357724068,0.08115243204146827,0.8052584670231729,False,False,False,88.0,78359.0,0.8760959175078804,0.030156076519608468,0.11268648145075869
Portugal,PRT,2019,EUR,0.720676866017617,0.47009735744089015,0.8155818540433925,False,False,False,73.0,1461.0,0.7337440109514032,0.06365503080082136,0.10472279260780287
Portugal,PRT,2020,EUR,0.7058545797922569,0.6458923512747875,0.8662280701754386,False,False,False,68.0,1480.0,0.6777027027027027,0.05337837837837838,0.10202702702702703
Portugal,PRT,2021,EUR,0.7224092779648336,0.4276094276094276,0.7917760279965005,False,False,False,64.0,1523.0,0.6434668417596848,0.05909389363099146,0.13000656598818122
Portugal,PRT,2022,EUR,0.8010321100917431,0.6743119266055045,0.7738095238095238,False,False,False,61.0,1524.0,0.610236220472441,0.047900262467191604,0.10695538057742782
Paraguay,PRY,2019,AMR,0.5719539102721255,0.05442510419220397,0.8423423423423423,False,False,False,68.0,2335.0,0.6835117773019272,0.11991434689507495,0.30149892933618844
Paraguay,PRY,2020,AMR,0.9697616506581288,0.060832443970117396,,False,False,False,67.0,2698.0,0.6671608598962194,0.11378799110452187,0.2857672349888806
Paraguay,PRY,2021,AMR,0.9978001257071024,0.13104965430546825,,False,False,False,73.0,3049.0,0.725811741554608,0.09248934076746475,0.2505739586749754
Paraguay,PRY,2022,AMR,0.9341954022988506,0.14195402298850573,,False,False,False,70.0,3457.0,0.6982933179056986,0.08533410471507087,0.2606306045704368
"occupied Palestinian territory, including east Jerusalem",PSE,2019,EMR,1.0,1.0,0.09411764705882353,True,True,False,92.0,26.0,0.9230769230769231,0.0,0.07692307692307693
"occupied Palestinian territory, including east Jerusalem",PSE,2020,EMR,1.0,0.08333333333333333,0.8,True,False,False,92.0,25.0,0.92,0.08,0.08
"occupied Palestinian territory, including east Jerusalem",PSE,2021,EMR,1.0,1.0,1.0,True,True,True,86.0,21.0,0.8571428571428571,0.047619047619047616,0.09523809523809523
"occupied Palestinian territory, including east Jerusalem",PSE,2022,EMR,1.0,0.23376623376623376,,True,False,False,100.0,15.0,1.0,0.0,0.0
French Polynesia,PYF,2021,WPR,0.9609261939218524,0.05209840810419682,,False,False,False,78.0,54.0,0.7777777777777778,0.12962962962962962,0.2037037037037037
Qatar,QAT,2019,EMR,1.0,0.14624314737181554,,True,False,False,77.0,852.0,0.7746478873239436,0.005868544600938967,0.051643192488262914
Qatar,QAT,2020,EMR,1.0,0.1510989010989011,,True,False,False,75.0,983.0,0.7466937945066124,0.021363173957273652,0.12309257375381485
Qatar,QAT,2021,EMR,1.0,0.13437312537492502,,True,False,False,77.0,860.0,0.7709302325581395,0.010465116279069767,0.11627906976744186
Romania,ROU,2019,EUR,1.0,0.9699819168173599,1.0,True,False,True,82.0,7017.0,0.8161607524583155,0.11229870314949408,0.17429100755308535
Romania,ROU,2020,EUR,1.0,0.9699539170506912,0.9800456100342075,True,False,False,81.0,7396.0,0.8121957815035155,0.1233098972417523,0.1796917252568956
Rwanda,RWA,2019,AFR,0.9728384527872582,0.09264789533560865,,False,False,False,89.0,5562.0,0.8888888888888888,0.07389428263214672,0.1021215390147429
Rwanda,RWA,2020,AFR,0.9617958893561571,0.08008055440383818,0.731508875739645,False,False,False,87.0,5190.0,0.8707129094412331,0.08998073217726398,0.11888246628131022
Rwanda,RWA,2021,AFR,0.9025805161032207,0.05626125225045009,0.8435555555555555,False,False,False,89.0,6932.0,0.8899307559145989,0.0654933641084824,0.10213502596653203
Rwanda,RWA,2022,AFR,0.9818064871818433,0.21648442525039052,0.967741935483871,False,False,False,90.0,9233.0,0.9027401711253114,0.05317881511967941,0.08989494205566988
Saudi Arabia,SAU,2019,EMR,0.9953905870936438,0.13985929160601648,1.0,False,False,True,90.0,2448.0,0.8954248366013072,0.08088235294117647,0.08537581699346405
Saudi Arabia,SAU,2020,EMR,0.9880143333745212,0.19288273816878784,1.0,False,False,True,90.0,2577.0,0.8952270081490105,0.08110205665502522,0.09119130772215754
Saudi Arabia,SAU,2021,EMR,0.9876086956521739,0.12347826086956522,1.0,False,False,True,90.0,2587.0,0.9025898724391187,0.07962891379976807,0.09625048318515655
Saudi Arabia,SAU,2022,EMR,0.9476925905497334,0.16629895201323772,1.0,False,False,True,92.0,2526.0,0.9152810768012668,0.07165479018210609,0.08353127474267617
Singapore,SGP,2019,WPR,0.9612472160356348,0.1866369710467706,0.8591885441527446,False,False,False,79.0,2335.0,0.793576017130621,0.07580299785867238,0.07837259100642398
Singapore,SGP,2020,WPR,0.9794742527907814,0.15808426359380626,0.876993166287016,False,False,False,78.0,2370.0,0.7835443037974683,0.0679324894514768,0.07130801687763713
Singapore,SGP,2021,WPR,0.9818625741192885,0.14370422043948378,0.8349514563106796,False,False,False,73.0,2596.0,0.734206471494607,0.0635593220338983,0.0662557781201849
Singapore,SGP,2022,WPR,0.9398391045820217,0.12381951731374606,0.8305084745762712,False,False,False,74.0,2044.0,0.7446183953033269,0.074853228962818,0.07827788649706457
Solomon Islands,SLB,2020,WPR,0.8352,,,False,False,False,96.0,370.0,0.9567567567567568,0.03783783783783784,0.043243243243243246
Solomon Islands,SLB,2021,WPR,0.6661951909476662,,,False,False,False,94.0,135.0,0.9407407407407408,0.02962962962962963,0.05925925925925926
Solomon Islands,SLB,2022,WPR,0.8051181102362205,,,False,False,False,92.0,281.0,0.9217081850533808,0.046263345195729534,0.07829181494661921
El Salvador,SLV,2022,AMR,0.9949703610562242,0.03209388659361715,,False,False,False,90.0,4265.0,0.9045720984759672,0.050175849941383355,0.08206330597889801
Serbia,SRB,2022,EUR,0.7859922178988327,,,False,False,False,74.0,475.0,0.7410526315789474,0.035789473684210524,0.06315789473684211
Sao Tome and Principe,STP,2021,AFR,0.0,0.11811023622047244,,True,False,False,79.0,125.0,0.792,0.088,0.2
Sao Tome and Principe,STP,2022,AFR,0.0,0.1368421052631579,1.0,True,False,True,70.0,105.0,0.7047619047619048,0.0761904761904762,0.2761904761904762
Suriname,SUR,2019,AMR,0.9968051118210862,,,False,False,False,75.0,103.0,0.7475728155339806,0.13592233009708737,0.24271844660194175
Suriname,SUR,2020,AMR,0.972972972972973,0.20270270270270271,0.8,False,False,False,72.0,82.0,0.7195121951219512,0.1951219512195122,0.25609756097560976
Suriname,SUR,2021,AMR,0.958904109589041,0.0821917808219178,0.8333333333333334,False,False,False,73.0,111.0,0.7297297297297297,0.12612612612612611,0.2702702702702703
Suriname,SUR,2022,AMR,0.997093023255814,0.20930232558139536,0.7361111111111112,False,False,False,72.0,107.0,0.719626168224299,0.102803738317757,0.2616822429906542
Slovakia,SVK,2019,EUR,0.024574669187145556,,,False,False,False,86.0,152.0,0.8552631578947368,0.07894736842105263,0.09868421052631579
Slovenia,SVN,2019,EUR,0.7850877192982456,0.15350877192982457,0.9142857142857143,False,False,False,74.0,74.0,0.7432432432432432,0.21621621621621623,0.21621621621621623
Slovenia,SVN,2020,EUR,0.3360655737704918,0.06830601092896176,0.88,False,False,False,74.0,78.0,0.7435897435897436,0.15384615384615385,0.15384615384615385
Slovenia,SVN,2021,EUR,0.8427672955974843,0.16981132075471697,0.8888888888888888,False,False,False,72.0,72.0,0.7222222222222222,0.16666666666666666,0.19444444444444445
Slovenia,SVN,2022,EUR,0.9317803660565723,0.1447587354409318,0.9655172413793104,False,False,False,75.0,85.0,0.7529411764705882,0.18823529411764706,0.2
Eswatini,SWZ,2020,AFR,0.889795918367347,0.39591836734693875,,False,False,False,79.0,1822.0,0.7892425905598244,0.1300768386388584,0.18331503841931943
Eswatini,SWZ,2021,AFR,0.85,0.06816239316239316,0.4827586206896552,False,False,False,83.0,2289.0,0.8265618173875054,0.09611183923110529,0.14460463084316294
Eswatini,SWZ,2022,AFR,0.9511606873681037,0.17063611697316852,0.9098939929328622,False,False,False,83.0,2172.0,0.8259668508287292,0.08379373848987108,0.13904235727440148
Seychelles,SYC,2019,AFR,1.0,0.07692307692307693,,True,False,False,78.0,9.0,0.7777777777777778,0.0,0.1111111111111111
Seychelles,SYC,2020,AFR,0.0,0.13725490196078433,,True,False,False,45.0,11.0,0.45454545454545453,0.18181818181818182,0.2727272727272727
Seychelles,SYC,2021,AFR,1.0,0.13725490196078433,,True,False,False,50.0,14.0,0.5,0.21428571428571427,0.2857142857142857
Seychelles,SYC,2022,AFR,0.0,0.0,,True,True,False,87.0,23.0,0.8695652173913043,0.13043478260869565,0.13043478260869565
Syrian Arab Republic,SYR,2019,EMR,1.0,0.2519291874716296,,True,False,False,91.0,2639.0,0.9056460780598712,0.014399393709738537,0.09435392194012884
Syrian Arab Republic,SYR,2020,EMR,1.0,0.23335621139327384,1.0,True,False,True,96.0,3290.0,0.9553191489361702,0.01033434650455927,0.03738601823708207
Syrian Arab Republic,SYR,2021,EMR,1.0,1.0,1.0,True,True,True,93.0,3068.0,0.9276401564537158,0.020860495436766623,0.06584093872229466
Syrian Arab Republic,SYR,2022,EMR,1.0,1.0,1.0,True,True,True,91.0,3444.0,0.9117305458768873,0.02003484320557491,0.078397212543554
Chad,TCD,2020,AFR,0.7881508078994613,0.6929982046678635,0.7590673575129534,False,False,False,82.0,13643.0,0.8249651836106429,0.03818808180019057,0.12379975078794986
Chad,TCD,2021,AFR,0.8220793140407289,0.707395498392283,0.806060606060606,False,False,False,83.0,14725.0,0.8305602716468591,0.039117147707979624,0.1197283531409168
Chad,TCD,2022,AFR,0.799248523886205,0.7112184648416533,0.9162264150943397,False,False,False,84.0,15772.0,0.8411108293177784,0.033096626933806744,0.10201623129596754
Thailand,THA,2019,SEA,0.8999942553732776,0.08331350069345851,0.9000197005516154,False,False,False,83.0,85837.0,0.83221687617228,0.08460221116767827,0.13481365844565862
Thailand,THA,2020,SEA,0.9000007940225979,0.09476659705735226,0.6999581064097193,False,False,False,85.0,71488.0,0.8500027976723367,0.09400179051029543,0.12599317367949867
Thailand,THA,2021,SEA,0.8999950876848258,0.14489364837647983,0.9349742337944128,False,False,False,81.0,72274.0,0.8060021584525555,0.09999446550626781,0.1619946315410798
Thailand,THA,2022,SEA,0.9,0.12141011443337024,0.8,False,False,False,82.0,80209.0,0.817003079454924,0.09299455173359598,0.15300028675086336
Turkmenistan,TKM,2019,EUR,1.0,0.6092837818596042,1.0,True,False,True,83.0,1918.0,0.8336809176225235,0.04483837330552659,0.14077163712200208
Turkmenistan,TKM,2020,EUR,1.0,1.0,,True,True,False,81.0,1878.0,0.8067092651757188,0.06869009584664537,0.16027689030883918
Turkmenistan,TKM,2021,EUR,1.0,1.0,1.0,True,True,True,84.0,2605.0,0.8391554702495202,0.04760076775431862,0.13512476007677543
Turkmenistan,TKM,2022,EUR,1.0,0.5951468710089399,,True,False,False,84.0,1902.0,0.8443743427970557,0.06046267087276551,0.1377497371188223
Tonga,TON,2019,WPR,1.0,0.05825242718446602,1.0,True,False,True,88.0,8.0,0.875,0.0,0.125
Tonga,TON,2020,WPR,1.0,,1.0,True,False,True,100.0,7.0,1.0,0.0,0.0
Tonga,TON,2021,WPR,1.0,0.4777777777777778,0.16279069767441862,True,False,False,100.0,2.0,1.0,0.0,0.0
Trinidad and Tobago,TTO,2021,AMR,0.37894736842105264,0.3763157894736842,0.2517482517482518,False,False,False,71.0,243.0,0.7119341563786008,0.0823045267489712,0.2880658436213992
Trinidad and Tobago,TTO,2022,AMR,0.4936708860759494,0.16455696202531644,0.2564102564102564,False,False,False,66.0,276.0,0.6594202898550725,0.13043478260869565,
Tunisia,TUN,2020,EMR,0.007719453021614468,0.022496691662990738,,False,False,False,84.0,2647.0,0.837174159425765,0.022289384208537967,0.08840196448809974
Tunisia,TUN,2021,EMR,0.8552734375,0.0177734375,,False,False,False,93.0,3264.0,0.9283088235294118,0.020833333333333332,0.0661764705882353
Türkiye,TUR,2019,EUR,0.8107248352647126,0.3362114670908127,0.6330254561838252,False,False,False,81.0,8820.0,0.8078231292517006,0.09138321995464853,0.11485260770975057
Türkiye,TUR,2020,EUR,0.8062658125639232,0.3462884211659579,0.7034043214674336,False,False,False,80.0,8947.0,0.8038448642002906,0.08349167318654298,0.11445177154353414
Türkiye,TUR,2021,EUR,0.7999256229081443,0.34802280897483573,0.622439893143366,False,False,False,80.0,9593.0,0.7951631397894298,0.09798811633482749,0.13030334618993017
Türkiye,TUR,2022,EUR,0.8372374353898603,0.3366325745078632,0.5498203201568115,False,False,False,81.0,9199.0,0.8120447874768997,0.08761821937167083,0.11838243287313839
United Republic of Tanzania,TZA,2021,AFR,0.8945737042413779,0.6316553537097344,,False,False,False,96.0,99817.0,0.9612691224941643,0.027039482252522114,0.03592574411172446
United Republic of Tanzania,TZA,2022,AFR,0.9265785396788625,0.2905874006399583,0.26332835077229694,False,False,False,96.0,92127.0,0.957080986030154,0.02690850673526762,0.034995169711376686
Uganda,UGA,2020,AFR,0.7400552327620845,0.09545190731610871,0.8301483362287853,False,False,False,88.0,74704.0,0.8759102591561362,0.05848415078175198,0.1112791818376526
Uganda,UGA,2021,AFR,0.7964912547124324,0.08390692447579527,0.9149812225691145,False,False,False,90.0,93360.0,0.901595972579263,0.04664738646101114,0.09003856041131106
Uganda,UGA,2022,AFR,0.8410901799975079,0.30995820070458435,0.9654932974695573,False,False,False,92.0,86001.0,0.9183614144021581,0.04276694457041197,0.07331310101045337
Ukraine,UKR,2019,EUR,1.0,0.7736208329980958,0.9278929487623934,True,False,False,77.0,13218.0,0.7740959297927069,0.10417612346799819,0.22492056286881526
Ukraine,UKR,2020,EUR,0.95690642651183,0.6894181775091835,0.880371261601925,False,False,False,75.0,14396.0,0.7470825229230342,0.12031119755487635,0.2495137538205057
Ukraine,UKR,2021,EUR,0.9527122689211601,0.8441810606367056,0.7229862475442044,False,False,False,77.0,14889.0,0.7746658607025321,0.10987977701658942,0.21928940828799784
Ukraine,UKR,2022,EUR,0.9192852275308548,0.5748466722192777,0.9500790305584826,False,False,False,77.0,16803.0,0.7668868654406951,0.0955781705647801,0.22805451407486757
Uruguay,URY,2019,AMR,0.765678449258837,0.4977194982896237,,False,False,False,72.0,968.0,0.7231404958677686,0.14566115702479338,0.246900826446281
Uruguay,URY,2020,AMR,0.7104477611940299,0.4382089552238806,,False,False,False,72.0,946.0,0.7177589852008457,0.14799154334038056,0.27167019027484146
Uruguay,URY,2021,AMR,0.6784682080924855,0.4602601156069364,,False,False,False,73.0,1126.0,0.7300177619893428,0.11989342806394317,0.261101243339254
Uruguay,URY,2022,AMR,0.7747163695299838,0.4837925445705024,,False,False,False,74.0,1235.0,0.7392712550607288,0.10931174089068826,0.2591093117408907
Uzbekistan,UZB,2019,EUR,1.0,1.0,,True,True,False,91.0,10654.0,0.9051999249108316,0.045428946874413366,0.07612164445278768
Uzbekistan,UZB,2020,EUR,1.0,1.0,1.0,True,True,True,89.0,11680.0,0.8941780821917809,0.04529109589041096,0.08844178082191781
Venezuela (Bolivarian Republic of),VEN,2019,AMR,0.7078296951109507,0.05872271333213062,0.946236559139785,False,False,False,85.0,9150.0,0.8459016393442623,0.054863387978142074,0.14459016393442622
Venezuela (Bolivarian Republic of),VEN,2020,AMR,0.6289820118581048,0.02266103909154859,0.8824833702882483,False,False,False,84.0,9090.0,0.844994499449945,0.047964796479647964,0.13322332233223322
Venezuela (Bolivarian Republic of),VEN,2021,AMR,0.4974406513240095,0.024384345653137723,0.968595041322314,False,False,False,83.0,9865.0,0.8329447541814495,0.0491637100861632,0.16705524581855044
Venezuela (Bolivarian Republic of),VEN,2022,AMR,0.8521554341226473,0.10860655737704918,0.980083857442348,False,False,False,84.0,10165.0,0.8422036399409739,0.03128381701918347,0.1429414658140679
Vanuatu,VUT,2019,WPR,1.0,0.6973684210526315,1.0,True,False,True,96.0,76.0,0.9605263157894737,0.02631578947368421,0.039473684210526314
Samoa,WSM,2019,WPR,0.0759493670886076,0.0759493670886076,0.8333333333333334,False,False,False,85.0,13.0,0.8461538461538461,0.15384615384615385,0.15384615384615385
Samoa,WSM,2020,WPR,0.002304147465437788,0.08064516129032258,0.8571428571428571,False,False,False,77.0,13.0,0.7692307692307693,0.15384615384615385,0.23076923076923078
Samoa,WSM,2022,WPR,1.0,0.22608695652173913,,True,False,False,100.0,14.0,1.0,0.0,0.0
Zambia,ZMB,2019,AFR,1.0,0.16666666666666666,0.8698863636363636,True,False,False,91.0,40000.0,0.9095,0.05005,0.076875
Zambia,ZMB,2020,AFR,1.0,0.11845102505694761,0.8753605769230769,True,False,False,92.0,50075.0,0.9218372441337993,0.04589116325511732,0.06959560659011482
Zambia,ZMB,2021,AFR,1.0,0.09475467018842056,0.9549952122566231,True,False,False,93.0,54127.0,0.9276146839839636,0.04315775860476287,0.06360965876549596
Zambia,ZMB,2022,AFR,0.7628625266262494,0.5354579714894314,0.9639982863612717,False,False,False,92.0,54346.0,0.9230302138151842,0.044695101755418985,0.07054797041180584
Zimbabwe,ZWE,2019,AFR,0.9659231722428748,0.10788930194134655,,False,False,False,88.0,16056.0,0.8821001494768311,0.08819133034379671,0.1132286995515695
Zimbabwe,ZWE,2020,AFR,0.5676759732599292,0.04739808624983615,0.6609513274336283,False,False,False,90.0,16541.0,0.8986155613324467,0.0698869475847893,0.09032102049452875
Zimbabwe,ZWE,2021,AFR,0.9244577934551043,0.08601962770230154,,False,False,False,89.0,18555.0,0.8870385340878469,0.06817569388305039,0.10455402856372946
